Spam,Spam,Spam,Spam,Spam,Baked Beans
Blank Screen Saver,6/9/2017 1:52:51 PM,6/9/2017 1:54:08 PM,0:01:17,Blank Screen Saver
Blank Screen Saver,6/9/2017 1:54:25 PM,6/9/2017 1:55:13 PM,0:00:48,Blank Screen Saver
Blank Screen Saver,6/9/2017 1:56:13 PM,6/9/2017 1:56:22 PM,0:00:09,Blank Screen Saver
Blank Screen Saver,6/9/2017 1:56:34 PM,6/9/2017 1:56:44 PM,0:00:10,Blank Screen Saver
Blank Screen Saver,6/9/2017 1:57:49 PM,6/9/2017 1:58:15 PM,0:00:26,Blank Screen Saver
Blank Screen Saver,6/9/2017 1:58:32 PM,6/9/2017 1:59:34 PM,0:01:02,Blank Screen Saver
Blank Screen Saver,6/9/2017 1:59:51 PM,6/9/2017 2:02:13 PM,0:02:22,Blank Screen Saver
Blank Screen Saver,6/9/2017 2:03:19 PM,6/9/2017 2:03:46 PM,0:00:27,Blank Screen Saver
Blank Screen Saver,6/9/2017 2:04:23 PM,6/9/2017 2:05:20 PM,0:00:57,Blank Screen Saver
Blank Screen Saver,6/11/2017 6:52:42 PM,6/11/2017 6:53:45 PM,0:01:03,Blank Screen Saver
Blank Screen Saver,6/16/2017 10:26:39 AM,6/16/2017 10:29:46 AM,0:03:07,Blank Screen Saver
Blank Screen Saver,6/16/2017 10:56:31 AM,6/16/2017 10:57:04 AM,0:00:33,Blank Screen Saver
Blank Screen Saver,6/16/2017 10:57:10 AM,6/16/2017 11:02:12 AM,0:05:02,Blank Screen Saver
Blank Screen Saver,6/16/2017 11:05:51 AM,6/16/2017 11:06:27 AM,0:00:36,Blank Screen Saver
Blank Screen Saver,6/16/2017 11:10:05 AM,6/16/2017 11:10:34 AM,0:00:29,Blank Screen Saver
Blank Screen Saver,6/16/2017 11:21:03 AM,6/16/2017 11:22:35 AM,0:01:32,Blank Screen Saver
Blank Screen Saver,6/16/2017 11:22:40 AM,6/16/2017 11:24:25 AM,0:01:45,Blank Screen Saver
Blank Screen Saver,6/16/2017 11:24:31 AM,6/16/2017 11:26:27 AM,0:01:56,Blank Screen Saver
Blank Screen Saver,6/16/2017 11:29:34 AM,6/16/2017 11:32:22 AM,0:02:48,Blank Screen Saver
Blank Screen Saver,6/16/2017 11:32:35 AM,6/16/2017 11:32:47 AM,0:00:12,Blank Screen Saver
Blank Screen Saver,6/16/2017 11:33:22 AM,6/16/2017 11:38:46 AM,0:05:24,Blank Screen Saver
Blank Screen Saver,6/18/2017 6:39:22 PM,6/18/2017 6:47:25 PM,0:08:03,Blank Screen Saver
Blank Screen Saver,6/18/2017 6:49:02 PM,6/18/2017 6:49:08 PM,0:00:06,Blank Screen Saver
Blank Screen Saver,6/19/2017 11:20:59 AM,6/19/2017 11:24:14 AM,0:03:15,Blank Screen Saver
Blank Screen Saver,6/19/2017 11:44:18 AM,6/19/2017 11:46:10 AM,0:01:52,Blank Screen Saver
Blank Screen Saver,6/22/2017 8:48:28 AM,6/22/2017 8:50:16 AM,0:01:48,Blank Screen Saver
Blank Screen Saver,6/22/2017 10:54:54 AM,6/22/2017 10:54:59 AM,0:00:05,Blank Screen Saver
Blank Screen Saver,6/22/2017 3:42:50 PM,6/22/2017 3:43:58 PM,0:01:08,Blank Screen Saver
Blank Screen Saver,6/22/2017 3:45:25 PM,6/22/2017 3:47:40 PM,0:02:15,Blank Screen Saver
Blank Screen Saver,6/22/2017 3:53:21 PM,6/22/2017 3:54:26 PM,0:01:05,Blank Screen Saver
Blank Screen Saver,6/22/2017 3:54:37 PM,6/22/2017 3:55:51 PM,0:01:14,Blank Screen Saver
Blank Screen Saver,6/22/2017 3:56:48 PM,6/22/2017 3:57:36 PM,0:00:48,Blank Screen Saver
Blank Screen Saver,6/22/2017 4:06:54 PM,6/22/2017 4:08:28 PM,0:01:34,Blank Screen Saver
Blank Screen Saver,6/22/2017 5:51:39 PM,6/22/2017 5:55:54 PM,0:04:15,Blank Screen Saver
Blank Screen Saver,6/23/2017 3:07:40 PM,6/23/2017 3:08:59 PM,0:01:19,Blank Screen Saver
Blank Screen Saver,7/11/2017 2:05:57 PM,7/11/2017 2:06:25 PM,0:00:28,Blank Screen Saver
Blank Screen Saver,7/11/2017 2:14:34 PM,7/11/2017 2:16:59 PM,0:02:25,Blank Screen Saver
Blank Screen Saver,7/12/2017 9:46:16 AM,7/12/2017 9:52:30 AM,0:06:14,Blank Screen Saver
Blank Screen Saver,7/12/2017 10:36:06 AM,7/12/2017 10:45:17 AM,0:09:11,Blank Screen Saver
Blank Screen Saver,7/12/2017 2:40:20 PM,7/12/2017 2:43:41 PM,0:03:21,Blank Screen Saver
Blank Screen Saver,7/12/2017 2:44:44 PM,7/12/2017 2:46:19 PM,0:01:35,Blank Screen Saver
Blank Screen Saver,7/12/2017 2:46:24 PM,7/12/2017 2:46:39 PM,0:00:15,Blank Screen Saver
Blank Screen Saver,7/12/2017 2:52:53 PM,7/12/2017 2:54:53 PM,0:02:00,Blank Screen Saver
Blank Screen Saver,7/18/2017 5:41:01 PM,7/18/2017 5:42:46 PM,0:01:45,Blank Screen Saver
Blank Screen Saver,7/18/2017 5:46:19 PM,7/18/2017 5:47:41 PM,0:01:22,Blank Screen Saver
Blank Screen Saver,7/21/2017 10:01:03 AM,7/21/2017 10:02:39 AM,0:01:36,Blank Screen Saver
Blank Screen Saver,7/21/2017 10:02:59 AM,7/21/2017 10:06:15 AM,0:03:16,Blank Screen Saver
Blank Screen Saver,7/21/2017 10:06:25 AM,7/21/2017 10:11:26 AM,0:05:01,Blank Screen Saver
Blank Screen Saver,7/21/2017 10:50:44 AM,7/21/2017 10:51:11 AM,0:00:27,Blank Screen Saver
Blank Screen Saver,7/21/2017 10:53:28 AM,7/21/2017 10:55:50 AM,0:02:22,Blank Screen Saver
Blank Screen Saver,7/21/2017 11:08:38 AM,7/21/2017 11:11:18 AM,0:02:40,Blank Screen Saver
Blank Screen Saver,7/21/2017 11:13:33 AM,7/21/2017 11:18:19 AM,0:04:46,Blank Screen Saver
Blank Screen Saver,7/21/2017 11:21:55 AM,7/21/2017 11:22:21 AM,0:00:26,Blank Screen Saver
Blank Screen Saver,7/21/2017 11:23:53 AM,7/21/2017 11:26:17 AM,0:02:24,Blank Screen Saver
Blank Screen Saver,7/21/2017 11:31:34 AM,7/21/2017 11:33:01 AM,0:01:27,Blank Screen Saver
Blank Screen Saver,7/21/2017 3:02:17 PM,7/21/2017 3:03:24 PM,0:01:07,Blank Screen Saver
Blank Screen Saver,7/21/2017 5:02:29 PM,7/21/2017 5:04:15 PM,0:01:46,Blank Screen Saver
Blank Screen Saver,7/21/2017 5:25:45 PM,7/21/2017 5:26:11 PM,0:00:26,Blank Screen Saver
Blank Screen Saver,7/21/2017 5:30:14 PM,7/21/2017 5:31:25 PM,0:01:11,Blank Screen Saver
Blank Screen Saver,7/21/2017 5:33:43 PM,7/21/2017 5:34:13 PM,0:00:30,Blank Screen Saver
Blank Screen Saver,7/21/2017 5:34:19 PM,7/21/2017 5:34:25 PM,0:00:06,Blank Screen Saver
Blank Screen Saver,7/21/2017 5:34:40 PM,7/21/2017 5:34:50 PM,0:00:10,Blank Screen Saver
Blank Screen Saver,7/21/2017 5:37:01 PM,7/21/2017 5:38:59 PM,0:01:58,Blank Screen Saver
Blank Screen Saver,7/21/2017 5:39:08 PM,7/21/2017 5:40:44 PM,0:01:36,Blank Screen Saver
Blank Screen Saver,7/21/2017 5:40:52 PM,7/21/2017 5:41:16 PM,0:00:24,Blank Screen Saver
Blank Screen Saver,7/21/2017 5:41:16 PM,7/21/2017 5:43:39 PM,0:02:23,Blank Screen Saver
Blank Screen Saver,7/21/2017 6:00:15 PM,7/21/2017 6:00:37 PM,0:00:22,Blank Screen Saver
Blank Screen Saver,7/21/2017 6:01:01 PM,7/21/2017 6:01:11 PM,0:00:10,Blank Screen Saver
Blank Screen Saver,7/21/2017 6:01:27 PM,7/21/2017 6:02:45 PM,0:01:18,Blank Screen Saver
Blank Screen Saver,7/21/2017 6:03:32 PM,7/21/2017 6:03:59 PM,0:00:27,Blank Screen Saver
Blank Screen Saver,7/21/2017 6:04:21 PM,7/21/2017 6:05:25 PM,0:01:04,Blank Screen Saver
Blank Screen Saver,7/24/2017 9:45:34 AM,7/24/2017 9:47:02 AM,0:01:28,Blank Screen Saver
Blank Screen Saver,7/24/2017 9:48:10 AM,7/24/2017 9:48:18 AM,0:00:08,Blank Screen Saver
Blank Screen Saver,7/24/2017 9:57:08 AM,7/24/2017 10:03:15 AM,0:06:07,Blank Screen Saver
Blank Screen Saver,7/25/2017 12:37:10 PM,7/25/2017 12:42:46 PM,0:05:36,Blank Screen Saver
Blank Screen Saver,7/25/2017 12:43:03 PM,7/25/2017 12:44:07 PM,0:01:04,Blank Screen Saver
Blank Screen Saver,7/25/2017 12:44:13 PM,7/25/2017 12:46:15 PM,0:02:02,Blank Screen Saver
Blank Screen Saver,7/26/2017 5:00:27 PM,7/26/2017 5:00:48 PM,0:00:21,Blank Screen Saver
Blank Screen Saver,7/26/2017 5:03:46 PM,7/26/2017 5:05:19 PM,0:01:33,Blank Screen Saver
Blank Screen Saver,7/26/2017 5:05:25 PM,7/26/2017 5:06:17 PM,0:00:52,Blank Screen Saver
Blank Screen Saver,7/26/2017 5:06:23 PM,7/26/2017 5:06:59 PM,0:00:36,Blank Screen Saver
Blank Screen Saver,7/26/2017 5:07:04 PM,7/26/2017 5:07:35 PM,0:00:31,Blank Screen Saver
Blank Screen Saver,7/26/2017 5:07:51 PM,7/26/2017 5:08:11 PM,0:00:20,Blank Screen Saver
Blank Screen Saver,7/26/2017 5:08:59 PM,7/26/2017 5:09:50 PM,0:00:51,Blank Screen Saver
Blank Screen Saver,7/31/2017 10:51:39 AM,7/31/2017 11:00:55 AM,0:09:16,Blank Screen Saver
Blank Screen Saver,8/2/2017 11:42:33 AM,8/2/2017 11:42:41 AM,0:00:08,Blank Screen Saver
Blank Screen Saver,8/2/2017 6:25:46 PM,8/2/2017 6:30:12 PM,0:04:26,Blank Screen Saver
Blank Screen Saver,8/7/2017 9:44:18 AM,8/7/2017 9:47:11 AM,0:02:53,Blank Screen Saver
Blank Screen Saver,8/7/2017 9:48:05 AM,8/7/2017 9:48:19 AM,0:00:14,Blank Screen Saver
Blank Screen Saver,8/7/2017 9:48:52 AM,8/7/2017 9:50:51 AM,0:01:59,Blank Screen Saver
Blank Screen Saver,8/7/2017 9:52:02 AM,8/7/2017 9:53:30 AM,0:01:28,Blank Screen Saver
Blank Screen Saver,8/7/2017 9:54:20 AM,8/7/2017 9:55:12 AM,0:00:52,Blank Screen Saver
Blank Screen Saver,8/7/2017 9:55:34 AM,8/7/2017 9:56:17 AM,0:00:43,Blank Screen Saver
Blank Screen Saver,8/7/2017 11:52:56 AM,8/7/2017 11:53:14 AM,0:00:18,Blank Screen Saver
Blank Screen Saver,8/7/2017 2:27:06 PM,8/7/2017 2:28:21 PM,0:01:15,Blank Screen Saver
Blank Screen Saver,8/7/2017 2:28:38 PM,8/7/2017 2:29:01 PM,0:00:23,Blank Screen Saver
Blank Screen Saver,8/7/2017 2:29:18 PM,8/7/2017 2:31:16 PM,0:01:58,Blank Screen Saver
Blank Screen Saver,8/7/2017 2:32:27 PM,8/7/2017 2:32:35 PM,0:00:08,Blank Screen Saver
Blank Screen Saver,8/7/2017 2:32:48 PM,8/7/2017 2:33:15 PM,0:00:27,Blank Screen Saver
Blank Screen Saver,8/7/2017 2:33:28 PM,8/7/2017 2:35:03 PM,0:01:35,Blank Screen Saver
Blank Screen Saver,8/7/2017 2:35:25 PM,8/7/2017 2:36:27 PM,0:01:02,Blank Screen Saver
Blank Screen Saver,8/7/2017 2:38:28 PM,8/7/2017 2:39:00 PM,0:00:32,Blank Screen Saver
Blank Screen Saver,8/7/2017 2:39:11 PM,8/7/2017 2:40:28 PM,0:01:17,Blank Screen Saver
Blank Screen Saver,8/7/2017 2:40:57 PM,8/7/2017 2:43:24 PM,0:02:27,Blank Screen Saver
Blank Screen Saver,8/7/2017 2:43:50 PM,8/7/2017 2:44:47 PM,0:00:57,Blank Screen Saver
Blank Screen Saver,8/7/2017 2:45:16 PM,8/7/2017 2:46:30 PM,0:01:14,Blank Screen Saver
Blank Screen Saver,8/7/2017 2:46:52 PM,8/7/2017 2:48:25 PM,0:01:33,Blank Screen Saver
Blank Screen Saver,8/7/2017 2:48:39 PM,8/7/2017 2:48:45 PM,0:00:06,Blank Screen Saver
Blank Screen Saver,8/7/2017 2:50:17 PM,8/7/2017 2:51:47 PM,0:01:30,Blank Screen Saver
Blank Screen Saver,8/7/2017 2:52:44 PM,8/7/2017 2:54:00 PM,0:01:16,Blank Screen Saver
Blank Screen Saver,8/7/2017 2:54:07 PM,8/7/2017 2:55:18 PM,0:01:11,Blank Screen Saver
Blank Screen Saver,8/7/2017 2:56:00 PM,8/7/2017 2:56:51 PM,0:00:51,Blank Screen Saver
Blank Screen Saver,8/7/2017 2:57:21 PM,8/7/2017 2:57:33 PM,0:00:12,Blank Screen Saver
Blank Screen Saver,8/7/2017 3:00:00 PM,8/7/2017 3:00:25 PM,0:00:25,Blank Screen Saver
Blank Screen Saver,8/7/2017 3:02:08 PM,8/7/2017 3:02:17 PM,0:00:09,Blank Screen Saver
Blank Screen Saver,8/7/2017 3:07:18 PM,8/7/2017 3:07:43 PM,0:00:25,Blank Screen Saver
Blank Screen Saver,8/7/2017 3:11:11 PM,8/7/2017 3:11:28 PM,0:00:17,Blank Screen Saver
Blank Screen Saver,8/7/2017 3:15:03 PM,8/7/2017 3:15:35 PM,0:00:32,Blank Screen Saver
Blank Screen Saver,8/7/2017 3:16:10 PM,8/7/2017 3:16:56 PM,0:00:46,Blank Screen Saver
Blank Screen Saver,8/7/2017 3:17:11 PM,8/7/2017 3:18:18 PM,0:01:07,Blank Screen Saver
Blank Screen Saver,8/7/2017 3:19:01 PM,8/7/2017 3:20:10 PM,0:01:09,Blank Screen Saver
Blank Screen Saver,8/7/2017 3:35:34 PM,8/7/2017 3:36:51 PM,0:01:17,Blank Screen Saver
Blank Screen Saver,8/7/2017 3:37:11 PM,8/7/2017 3:38:26 PM,0:01:15,Blank Screen Saver
Blank Screen Saver,8/7/2017 3:38:39 PM,8/7/2017 3:41:41 PM,0:03:02,Blank Screen Saver
Blank Screen Saver,8/7/2017 3:42:24 PM,8/7/2017 3:42:54 PM,0:00:30,Blank Screen Saver
Blank Screen Saver,8/7/2017 3:47:53 PM,8/7/2017 3:55:12 PM,0:07:19,Blank Screen Saver
Blank Screen Saver,8/7/2017 3:56:15 PM,8/7/2017 3:57:04 PM,0:00:49,Blank Screen Saver
Blank Screen Saver,8/7/2017 5:34:36 PM,8/7/2017 5:35:52 PM,0:01:16,Blank Screen Saver
Blank Screen Saver,8/8/2017 5:04:26 PM,8/8/2017 5:05:04 PM,0:00:38,Blank Screen Saver
Blank Screen Saver,8/11/2017 12:37:58 PM,8/11/2017 12:38:41 PM,0:00:43,Blank Screen Saver
Blank Screen Saver,8/11/2017 12:38:46 PM,8/11/2017 12:39:09 PM,0:00:23,Blank Screen Saver
Blank Screen Saver,8/11/2017 12:40:05 PM,8/11/2017 12:41:13 PM,0:01:08,Blank Screen Saver
Blank Screen Saver,8/11/2017 12:41:34 PM,8/11/2017 12:42:09 PM,0:00:35,Blank Screen Saver
Blank Screen Saver,8/11/2017 12:42:22 PM,8/11/2017 12:42:54 PM,0:00:32,Blank Screen Saver
Blank Screen Saver,8/11/2017 12:43:17 PM,8/11/2017 12:43:36 PM,0:00:19,Blank Screen Saver
Blank Screen Saver,8/11/2017 2:44:19 PM,8/11/2017 2:44:39 PM,0:00:20,Blank Screen Saver
Blank Screen Saver,8/11/2017 2:44:50 PM,8/11/2017 2:44:56 PM,0:00:06,Blank Screen Saver
Blank Screen Saver,8/11/2017 2:45:22 PM,8/11/2017 2:46:44 PM,0:01:22,Blank Screen Saver
Blank Screen Saver,8/14/2017 9:22:52 AM,8/14/2017 9:23:25 AM,0:00:33,Blank Screen Saver
Blank Screen Saver,8/15/2017 11:24:09 AM,8/15/2017 11:26:24 AM,0:02:15,Blank Screen Saver
Blank Screen Saver,8/15/2017 11:26:43 AM,8/15/2017 11:27:32 AM,0:00:49,Blank Screen Saver
Blank Screen Saver,8/22/2017 4:16:32 PM,8/22/2017 4:18:34 PM,0:02:02,Blank Screen Saver
Blank Screen Saver,8/23/2017 3:55:34 PM,8/23/2017 3:56:38 PM,0:01:04,Blank Screen Saver
Blank Screen Saver,8/23/2017 3:58:46 PM,8/23/2017 3:59:04 PM,0:00:18,Blank Screen Saver
Blank Screen Saver,8/23/2017 3:59:53 PM,8/23/2017 4:02:17 PM,0:02:24,Blank Screen Saver
Blank Screen Saver,8/23/2017 4:03:34 PM,8/23/2017 4:05:06 PM,0:01:32,Blank Screen Saver
Blank Screen Saver,8/23/2017 4:05:39 PM,8/23/2017 4:10:00 PM,0:04:21,Blank Screen Saver
Blank Screen Saver,8/23/2017 4:10:14 PM,8/23/2017 4:11:10 PM,0:00:56,Blank Screen Saver
Blank Screen Saver,8/23/2017 4:12:28 PM,8/23/2017 4:13:26 PM,0:00:58,Blank Screen Saver
Blank Screen Saver,8/23/2017 4:17:51 PM,8/23/2017 4:18:26 PM,0:00:35,Blank Screen Saver
Blank Screen Saver,8/23/2017 4:18:48 PM,8/23/2017 4:23:23 PM,0:04:35,Blank Screen Saver
Blank Screen Saver,8/23/2017 4:23:40 PM,8/23/2017 4:25:49 PM,0:02:09,Blank Screen Saver
Blank Screen Saver,8/23/2017 4:26:31 PM,8/23/2017 4:26:46 PM,0:00:15,Blank Screen Saver
Blank Screen Saver,8/23/2017 4:27:09 PM,8/23/2017 4:27:53 PM,0:00:44,Blank Screen Saver
Blank Screen Saver,8/24/2017 12:41:17 PM,8/24/2017 12:45:18 PM,0:04:01,Blank Screen Saver
Blank Screen Saver,8/24/2017 12:57:06 PM,8/24/2017 12:59:23 PM,0:02:17,Blank Screen Saver
Blank Screen Saver,8/24/2017 1:00:49 PM,8/24/2017 1:01:23 PM,0:00:34,Blank Screen Saver
Blank Screen Saver,8/24/2017 1:01:30 PM,8/24/2017 1:07:50 PM,0:06:20,Blank Screen Saver
Blank Screen Saver,8/24/2017 1:09:59 PM,8/24/2017 1:12:28 PM,0:02:29,Blank Screen Saver
Blank Screen Saver,8/24/2017 4:12:57 PM,8/24/2017 4:22:52 PM,0:09:55,Blank Screen Saver
Blank Screen Saver,8/24/2017 4:27:07 PM,8/24/2017 4:29:14 PM,0:02:07,Blank Screen Saver
Blank Screen Saver,8/24/2017 4:32:41 PM,8/24/2017 4:39:14 PM,0:06:33,Blank Screen Saver
Blank Screen Saver,8/24/2017 5:21:45 PM,8/24/2017 5:24:19 PM,0:02:34,Blank Screen Saver
