"Name","Start","End","Duration"
"Active","4/24/2017 9:35:02 AM","4/24/2017 10:05:11 AM","0:30:09"
"Active","4/24/2017 10:08:30 AM","4/24/2017 10:17:07 AM","0:08:37"
"Session lock","4/24/2017 10:17:07 AM","4/24/2017 10:20:52 AM","0:03:45"
"Active","4/24/2017 10:20:52 AM","4/24/2017 10:34:27 AM","0:13:35"
"Session lock","4/24/2017 10:34:27 AM","4/24/2017 10:35:39 AM","0:01:12"
"Session lock","4/24/2017 10:35:41 AM","4/24/2017 11:12:28 AM","0:36:47"
"Power off","4/24/2017 11:12:28 AM","4/24/2017 11:50:07 AM","0:37:39"
"Session lock","4/24/2017 11:50:07 AM","4/24/2017 11:50:24 AM","0:00:17"
"Active","4/24/2017 11:50:24 AM","4/24/2017 1:13:06 PM","1:22:42"
"Active","4/24/2017 1:39:01 PM","4/24/2017 2:36:59 PM","0:57:58"
"Session lock","4/24/2017 2:36:59 PM","4/24/2017 2:43:42 PM","0:06:43"
"Active","4/24/2017 2:43:42 PM","4/24/2017 3:34:14 PM","0:50:32"
"Session lock","4/24/2017 3:34:14 PM","4/24/2017 3:38:18 PM","0:04:04"
"Active","4/24/2017 3:38:18 PM","4/24/2017 4:28:54 PM","0:50:36"
"Session lock","4/24/2017 4:28:54 PM","4/24/2017 4:33:36 PM","0:04:42"
"Active","4/24/2017 4:33:36 PM","4/24/2017 4:35:06 PM","0:01:30"
"Session lock","4/24/2017 4:35:06 PM","4/24/2017 4:37:59 PM","0:02:53"
"Active","4/24/2017 4:37:59 PM","4/24/2017 4:39:54 PM","0:01:55"
"Session lock","4/24/2017 4:39:54 PM","4/24/2017 4:42:45 PM","0:02:51"
"Active","4/24/2017 4:42:45 PM","4/24/2017 4:56:28 PM","0:13:43"
"Session lock","4/24/2017 4:56:28 PM","4/24/2017 5:06:59 PM","0:10:31"
"Active","4/24/2017 5:06:59 PM","4/24/2017 5:08:17 PM","0:01:18"
"Active","4/25/2017 9:19:00 AM","4/25/2017 9:52:53 AM","0:33:53"
"Session lock","4/25/2017 9:52:53 AM","4/25/2017 10:09:45 AM","0:16:52"
"Active","4/25/2017 10:09:45 AM","4/25/2017 10:37:55 AM","0:28:10"
"Session lock","4/25/2017 10:37:55 AM","4/25/2017 11:01:07 AM","0:23:12"
"Active","4/25/2017 11:01:07 AM","4/25/2017 11:14:58 AM","0:13:51"
"Session lock","4/25/2017 11:14:58 AM","4/25/2017 11:16:01 AM","0:01:03"
"Active","4/25/2017 11:16:01 AM","4/25/2017 12:07:49 PM","0:51:48"
"Away","4/25/2017 12:07:49 PM","4/25/2017 12:20:13 PM","0:12:24"
"Active","4/25/2017 12:20:13 PM","4/25/2017 12:56:58 PM","0:36:45"
"Session lock","4/25/2017 12:56:58 PM","4/25/2017 12:57:17 PM","0:00:19"
"Active","4/25/2017 12:57:17 PM","4/25/2017 12:57:33 PM","0:00:16"
"Power off","4/25/2017 12:57:33 PM","4/25/2017 1:41:39 PM","0:44:06"
"Session lock","4/25/2017 1:41:39 PM","4/25/2017 1:41:48 PM","0:00:09"
"Active","4/25/2017 1:41:48 PM","4/25/2017 2:05:20 PM","0:23:32"
"Session lock","4/25/2017 2:05:20 PM","4/25/2017 2:13:53 PM","0:08:33"
"Active","4/25/2017 2:13:53 PM","4/25/2017 3:25:11 PM","1:11:18"
"Session lock","4/25/2017 3:25:11 PM","4/25/2017 3:32:29 PM","0:07:18"
"Active","4/25/2017 3:32:29 PM","4/25/2017 4:42:58 PM","1:10:29"
"Session lock","4/25/2017 4:42:58 PM","4/25/2017 4:48:12 PM","0:05:14"
"Active","4/25/2017 4:48:12 PM","4/25/2017 4:59:25 PM","0:11:13"
"Active","4/26/2017 9:20:34 AM","4/26/2017 9:26:44 AM","0:06:10"
"Active","4/26/2017 9:27:09 AM","4/26/2017 9:48:55 AM","0:21:46"
"Session lock","4/26/2017 9:48:55 AM","4/26/2017 9:50:06 AM","0:01:11"
"Session lock","4/26/2017 9:50:08 AM","4/26/2017 10:11:10 AM","0:21:02"
"Active","4/26/2017 10:11:10 AM","4/26/2017 10:32:16 AM","0:21:06"
"Session lock","4/26/2017 10:32:16 AM","4/26/2017 10:35:30 AM","0:03:14"
"Active","4/26/2017 10:35:30 AM","4/26/2017 12:14:37 PM","1:39:07"
"Session lock","4/26/2017 12:14:37 PM","4/26/2017 12:18:00 PM","0:03:23"
"Active","4/26/2017 12:18:00 PM","4/26/2017 12:37:43 PM","0:19:43"
"Session lock","4/26/2017 12:37:43 PM","4/26/2017 12:44:15 PM","0:06:32"
"Active","4/26/2017 12:44:15 PM","4/26/2017 12:49:35 PM","0:05:20"
"Session lock","4/26/2017 12:49:35 PM","4/26/2017 12:58:37 PM","0:09:02"
"Active","4/26/2017 12:58:37 PM","4/26/2017 1:10:46 PM","0:12:09"
"Power off","4/26/2017 1:10:46 PM","4/26/2017 1:41:57 PM","0:31:11"
"Active","4/26/2017 1:41:57 PM","4/26/2017 1:43:08 PM","0:01:11"
"Power off","4/26/2017 1:43:08 PM","4/26/2017 1:44:52 PM","0:01:44"
"Active","4/26/2017 1:44:52 PM","4/26/2017 2:00:00 PM","0:15:08"
"Away","4/26/2017 2:00:00 PM","4/26/2017 2:01:34 PM","0:01:34"
"Power off","4/26/2017 2:01:34 PM","4/26/2017 2:03:30 PM","0:01:56"
"Active","4/26/2017 2:03:30 PM","4/26/2017 2:09:35 PM","0:06:05"
"Away","4/26/2017 2:09:35 PM","4/26/2017 2:09:52 PM","0:00:17"
"Power off","4/26/2017 2:09:52 PM","4/26/2017 2:42:28 PM","0:32:36"
"Session lock","4/26/2017 2:42:28 PM","4/26/2017 2:42:34 PM","0:00:06"
"Power off","4/26/2017 2:42:34 PM","4/26/2017 2:42:39 PM","0:00:05"
"Session lock","4/26/2017 2:42:39 PM","4/26/2017 2:45:22 PM","0:02:43"
"Active","4/26/2017 2:45:22 PM","4/26/2017 3:33:03 PM","0:47:41"
"Away","4/26/2017 3:33:03 PM","4/26/2017 3:33:43 PM","0:00:40"
"Power off","4/26/2017 3:33:43 PM","4/26/2017 3:54:36 PM","0:20:53"
"Power off","4/26/2017 3:54:36 PM","4/26/2017 3:54:53 PM","0:00:17"
"Session lock","4/26/2017 3:54:53 PM","4/26/2017 3:54:59 PM","0:00:06"
"Power off","4/26/2017 3:54:59 PM","4/26/2017 3:55:33 PM","0:00:34"
"Session lock","4/26/2017 3:55:33 PM","4/26/2017 3:55:38 PM","0:00:05"
"Power off","4/26/2017 3:55:38 PM","4/26/2017 4:04:30 PM","0:08:52"
"Session lock","4/26/2017 4:04:30 PM","4/26/2017 4:04:40 PM","0:00:10"
"Power off","4/26/2017 4:04:40 PM","4/26/2017 4:06:06 PM","0:01:26"
"Session lock","4/26/2017 4:06:06 PM","4/26/2017 4:06:17 PM","0:00:11"
"Power off","4/26/2017 4:06:17 PM","4/26/2017 4:12:19 PM","0:06:02"
"Session lock","4/26/2017 4:12:19 PM","4/26/2017 4:12:25 PM","0:00:06"
"Power off","4/26/2017 4:12:25 PM","4/26/2017 4:22:04 PM","0:09:39"
"Session lock","4/26/2017 4:22:04 PM","4/26/2017 4:34:16 PM","0:12:12"
"Power off","4/26/2017 4:34:16 PM","4/26/2017 4:42:40 PM","0:08:24"
"Session lock","4/26/2017 4:42:40 PM","4/26/2017 4:43:32 PM","0:00:52"
"Active","4/26/2017 4:43:32 PM","4/26/2017 5:49:43 PM","1:06:11"
"Active","4/27/2017 9:59:17 AM","4/27/2017 10:11:31 AM","0:12:14"
"Session lock","4/27/2017 10:11:31 AM","4/27/2017 10:31:29 AM","0:19:58"
"Active","4/27/2017 10:31:29 AM","4/27/2017 12:10:43 PM","1:39:14"
"Session lock","4/27/2017 12:10:43 PM","4/27/2017 12:16:38 PM","0:05:55"
"Active","4/27/2017 12:16:38 PM","4/27/2017 12:51:25 PM","0:34:47"
"Power off","4/27/2017 12:51:25 PM","4/27/2017 1:37:53 PM","0:46:28"
"Active","4/27/2017 1:37:53 PM","4/27/2017 1:53:03 PM","0:15:10"
"Away","4/27/2017 1:53:03 PM","4/27/2017 1:55:13 PM","0:02:10"
"Power off","4/27/2017 1:55:13 PM","4/27/2017 1:55:56 PM","0:00:43"
"Active","4/27/2017 1:55:56 PM","4/27/2017 2:14:34 PM","0:18:38"
"Active","4/27/2017 2:15:17 PM","4/27/2017 3:39:49 PM","1:24:32"
"Session lock","4/27/2017 3:39:49 PM","4/27/2017 3:47:00 PM","0:07:11"
"Active","4/27/2017 3:47:00 PM","4/27/2017 4:10:34 PM","0:23:34"
"Session lock","4/27/2017 4:10:34 PM","4/27/2017 4:15:05 PM","0:04:31"
"Active","4/27/2017 4:15:05 PM","4/27/2017 4:15:35 PM","0:00:30"
"Session lock","4/27/2017 4:15:35 PM","4/27/2017 4:20:36 PM","0:05:01"
"Active","4/27/2017 4:20:36 PM","4/27/2017 4:23:31 PM","0:02:55"
"Session lock","4/27/2017 4:23:31 PM","4/27/2017 4:42:50 PM","0:19:19"
"Active","4/27/2017 4:42:50 PM","4/27/2017 5:18:40 PM","0:35:50"
"Session lock","4/27/2017 5:18:40 PM","4/27/2017 5:24:42 PM","0:06:02"
"Active","4/27/2017 5:24:42 PM","4/27/2017 5:41:26 PM","0:16:44"
"Session lock","4/27/2017 5:41:26 PM","4/27/2017 5:46:25 PM","0:04:59"
"Active","4/27/2017 5:46:25 PM","4/27/2017 6:13:54 PM","0:27:29"
"Session lock","4/27/2017 6:13:54 PM","4/27/2017 6:20:09 PM","0:06:15"
"Active","4/27/2017 6:20:09 PM","4/27/2017 6:29:10 PM","0:09:01"
"Active","4/28/2017 9:37:00 AM","4/28/2017 10:30:28 AM","0:53:28"
"Session lock","4/28/2017 10:30:28 AM","4/28/2017 10:31:39 AM","0:01:11"
"Session lock","4/28/2017 10:31:40 AM","4/28/2017 10:52:50 AM","0:21:10"
"Active","4/28/2017 10:52:50 AM","4/28/2017 12:20:57 PM","1:28:07"
"Session lock","4/28/2017 12:20:57 PM","4/28/2017 12:32:02 PM","0:11:05"
"Active","4/28/2017 12:32:02 PM","4/28/2017 1:00:56 PM","0:28:54"
"Session lock","4/28/2017 1:00:56 PM","4/28/2017 1:02:16 PM","0:01:20"
"Power off","4/28/2017 1:02:16 PM","4/28/2017 1:18:44 PM","0:16:28"
"Active","4/28/2017 1:18:44 PM","4/28/2017 1:24:27 PM","0:05:43"
"Active","4/28/2017 1:24:53 PM","4/28/2017 2:32:49 PM","1:07:56"
"Power off","4/28/2017 2:32:49 PM","4/28/2017 4:10:37 PM","1:37:48"
"Active","4/28/2017 4:10:37 PM","4/28/2017 4:30:35 PM","0:19:58"
"Active","5/1/2017 9:44:28 AM","5/1/2017 10:11:47 AM","0:27:19"
"Session lock","5/1/2017 10:11:47 AM","5/1/2017 10:31:28 AM","0:19:41"
"Active","5/1/2017 10:31:28 AM","5/1/2017 10:34:50 AM","0:03:22"
"Session lock","5/1/2017 10:34:50 AM","5/1/2017 10:35:37 AM","0:00:47"
"Active","5/1/2017 10:35:37 AM","5/1/2017 10:36:03 AM","0:00:26"
"Session lock","5/1/2017 10:36:03 AM","5/1/2017 11:08:58 AM","0:32:55"
"Power off","5/1/2017 11:08:58 AM","5/1/2017 11:43:17 AM","0:34:19"
"Active","5/1/2017 11:43:17 AM","5/1/2017 12:05:55 PM","0:22:38"
"Away","5/1/2017 12:05:55 PM","5/1/2017 12:08:02 PM","0:02:07"
"Power off","5/1/2017 12:08:02 PM","5/1/2017 12:11:51 PM","0:03:49"
"Active","5/1/2017 12:11:51 PM","5/1/2017 1:27:11 PM","1:15:20"
"Session lock","5/1/2017 1:27:11 PM","5/1/2017 1:31:32 PM","0:04:21"
"Power off","5/1/2017 1:31:32 PM","5/1/2017 1:45:44 PM","0:14:12"
"Session lock","5/1/2017 1:45:44 PM","5/1/2017 1:45:52 PM","0:00:08"
"Active","5/1/2017 1:45:52 PM","5/1/2017 2:45:33 PM","0:59:41"
"Session lock","5/1/2017 2:45:33 PM","5/1/2017 2:55:41 PM","0:10:08"
"Active","5/1/2017 2:55:41 PM","5/1/2017 5:09:15 PM","2:13:34"
"Active","5/2/2017 9:28:05 AM","5/2/2017 9:40:15 AM","0:12:10"
"Session lock","5/2/2017 9:40:15 AM","5/2/2017 9:46:08 AM","0:05:53"
"Active","5/2/2017 9:46:08 AM","5/2/2017 9:46:51 AM","0:00:43"
"Session lock","5/2/2017 9:46:51 AM","5/2/2017 10:12:41 AM","0:25:50"
"Session lock","5/2/2017 10:12:42 AM","5/2/2017 10:17:00 AM","0:04:18"
"Power off","5/2/2017 10:17:00 AM","5/2/2017 10:20:00 AM","0:03:00"
"Active","5/2/2017 10:20:00 AM","5/2/2017 12:20:05 PM","2:00:05"
"Session lock","5/2/2017 12:20:05 PM","5/2/2017 12:24:41 PM","0:04:36"
"Power off","5/2/2017 12:24:41 PM","5/2/2017 12:25:03 PM","0:00:22"
"Active","5/2/2017 12:25:03 PM","5/2/2017 12:37:15 PM","0:12:12"
"Away","5/2/2017 12:37:15 PM","5/2/2017 12:39:18 PM","0:02:03"
"Power off","5/2/2017 12:39:18 PM","5/2/2017 12:43:48 PM","0:04:30"
"Session lock","5/2/2017 12:43:48 PM","5/2/2017 12:43:57 PM","0:00:09"
"Active","5/2/2017 12:43:57 PM","5/2/2017 1:22:30 PM","0:38:33"
"Session lock","5/2/2017 1:22:30 PM","5/2/2017 1:22:37 PM","0:00:07"
"Active","5/2/2017 1:22:37 PM","5/2/2017 1:22:48 PM","0:00:11"
"Session lock","5/2/2017 1:22:48 PM","5/2/2017 1:45:34 PM","0:22:46"
"Active","5/2/2017 1:45:34 PM","5/2/2017 3:20:08 PM","1:34:34"
"Session lock","5/2/2017 3:20:08 PM","5/2/2017 3:25:39 PM","0:05:31"
"Active","5/2/2017 3:25:39 PM","5/2/2017 3:53:26 PM","0:27:47"
"Away","5/2/2017 3:53:26 PM","5/2/2017 4:03:57 PM","0:10:31"
"Active","5/2/2017 4:03:57 PM","5/2/2017 4:36:14 PM","0:32:17"
"Active","5/3/2017 9:46:05 AM","5/3/2017 9:50:48 AM","0:04:43"
"Session lock","5/3/2017 9:50:48 AM","5/3/2017 9:50:54 AM","0:00:06"
"Active","5/3/2017 9:50:54 AM","5/3/2017 9:50:59 AM","0:00:05"
"Session lock","5/3/2017 9:50:59 AM","5/3/2017 10:14:25 AM","0:23:26"
"Active","5/3/2017 10:14:25 AM","5/3/2017 11:27:25 AM","1:13:00"
"Session lock","5/3/2017 11:27:25 AM","5/3/2017 11:28:29 AM","0:01:04"
"Active","5/3/2017 11:28:29 AM","5/3/2017 11:28:40 AM","0:00:11"
"Session lock","5/3/2017 11:28:40 AM","5/3/2017 11:35:56 AM","0:07:16"
"Active","5/3/2017 11:35:56 AM","5/3/2017 12:28:00 PM","0:52:04"
"Session lock","5/3/2017 12:28:00 PM","5/3/2017 12:29:07 PM","0:01:07"
"Active","5/3/2017 12:29:07 PM","5/3/2017 1:04:22 PM","0:35:15"
"Power off","5/3/2017 1:04:22 PM","5/3/2017 2:38:10 PM","1:33:48"
"Active","5/3/2017 2:38:10 PM","5/3/2017 4:17:55 PM","1:39:45"
"Session lock","5/3/2017 4:17:55 PM","5/3/2017 4:24:07 PM","0:06:12"
"Active","5/3/2017 4:24:07 PM","5/3/2017 5:05:41 PM","0:41:34"
"Active","5/5/2017 9:23:40 AM","5/5/2017 1:04:02 PM","3:40:22"
"Session lock","5/5/2017 1:04:02 PM","5/5/2017 1:05:16 PM","0:01:14"
"Session lock","5/5/2017 1:05:15 PM","5/5/2017 1:35:40 PM","0:30:25"
"Power off","5/5/2017 1:35:40 PM","5/5/2017 2:03:53 PM","0:28:13"
"Active","5/5/2017 2:03:53 PM","5/5/2017 2:51:54 PM","0:48:01"
"Session lock","5/5/2017 2:51:54 PM","5/5/2017 2:54:04 PM","0:02:10"
"Power off","5/5/2017 2:54:04 PM","5/5/2017 3:00:21 PM","0:06:17"
"Active","5/5/2017 3:00:21 PM","5/5/2017 3:05:41 PM","0:05:20"
"Session lock","5/5/2017 3:05:41 PM","5/5/2017 3:08:06 PM","0:02:25"
"Power off","5/5/2017 3:08:06 PM","5/5/2017 3:53:04 PM","0:44:58"
"Active","5/5/2017 3:53:04 PM","5/5/2017 4:04:44 PM","0:11:40"
"Away","5/5/2017 4:04:44 PM","5/5/2017 4:06:49 PM","0:02:05"
"Power off","5/5/2017 4:06:49 PM","5/5/2017 4:07:22 PM","0:00:33"
"Active","5/5/2017 4:07:22 PM","5/5/2017 4:48:21 PM","0:40:59"
"Active","5/8/2017 9:29:51 AM","5/8/2017 10:02:42 AM","0:32:51"
"Session lock","5/8/2017 10:02:42 AM","5/8/2017 10:03:53 AM","0:01:11"
"Session lock","5/8/2017 10:03:55 AM","5/8/2017 10:22:29 AM","0:18:34"
"Active","5/8/2017 10:22:29 AM","5/8/2017 10:36:23 AM","0:13:54"
"Session lock","5/8/2017 10:36:23 AM","5/8/2017 11:06:53 AM","0:30:30"
"Power off","5/8/2017 11:06:53 AM","5/8/2017 11:38:26 AM","0:31:33"
"Active","5/8/2017 11:38:26 AM","5/8/2017 12:12:16 PM","0:33:50"
"Away","5/8/2017 12:12:16 PM","5/8/2017 12:14:41 PM","0:02:25"
"Power off","5/8/2017 12:14:41 PM","5/8/2017 12:47:54 PM","0:33:13"
"Active","5/8/2017 12:47:54 PM","5/8/2017 12:55:15 PM","0:07:21"
"Session lock","5/8/2017 12:55:15 PM","5/8/2017 12:57:34 PM","0:02:19"
"Power off","5/8/2017 12:57:34 PM","5/8/2017 1:47:34 PM","0:50:00"
"Active","5/8/2017 1:47:34 PM","5/8/2017 2:08:21 PM","0:20:47"
"Session lock","5/8/2017 2:08:21 PM","5/8/2017 2:10:14 PM","0:01:53"
"Active","5/8/2017 2:10:14 PM","5/8/2017 3:48:28 PM","1:38:14"
"Session lock","5/8/2017 3:48:28 PM","5/8/2017 3:54:56 PM","0:06:28"
"Power off","5/8/2017 3:54:56 PM","5/8/2017 3:57:27 PM","0:02:31"
"Session lock","5/8/2017 3:57:27 PM","5/8/2017 3:57:34 PM","0:00:07"
"Active","5/8/2017 3:57:34 PM","5/8/2017 4:23:09 PM","0:25:35"
"Session lock","5/8/2017 4:23:09 PM","5/8/2017 4:32:50 PM","0:09:41"
"Active","5/8/2017 4:32:50 PM","5/8/2017 4:33:41 PM","0:00:51"
"Active","5/9/2017 9:31:20 AM","5/9/2017 9:51:41 AM","0:20:21"
"Session lock","5/9/2017 9:51:41 AM","5/9/2017 9:53:02 AM","0:01:21"
"Active","5/9/2017 9:53:02 AM","5/9/2017 10:03:06 AM","0:10:04"
"Session lock","5/9/2017 10:03:06 AM","5/9/2017 10:30:10 AM","0:27:04"
"Active","5/9/2017 10:30:10 AM","5/9/2017 11:18:05 AM","0:47:55"
"Session lock","5/9/2017 11:18:05 AM","5/9/2017 11:18:40 AM","0:00:35"
"Active","5/9/2017 11:18:40 AM","5/9/2017 12:58:14 PM","1:39:34"
"Session lock","5/9/2017 12:58:14 PM","5/9/2017 1:28:30 PM","0:30:16"
"Power off","5/9/2017 1:28:30 PM","5/9/2017 1:31:27 PM","0:02:57"
"Active","5/9/2017 1:31:27 PM","5/9/2017 2:03:46 PM","0:32:19"
"Session lock","5/9/2017 2:03:46 PM","5/9/2017 2:06:11 PM","0:02:25"
"Power off","5/9/2017 2:06:11 PM","5/9/2017 2:10:11 PM","0:04:00"
"Active","5/9/2017 2:10:11 PM","5/9/2017 2:12:04 PM","0:01:53"
"Active","5/9/2017 2:12:33 PM","5/9/2017 2:13:16 PM","0:00:43"
"Active","5/9/2017 2:15:23 PM","5/9/2017 3:58:28 PM","1:43:05"
"Session lock","5/9/2017 3:58:28 PM","5/9/2017 4:11:59 PM","0:13:31"
"Active","5/9/2017 4:11:59 PM","5/9/2017 5:10:28 PM","0:58:29"
"Session lock","5/9/2017 5:10:28 PM","5/9/2017 5:18:05 PM","0:07:37"
"Active","5/9/2017 5:18:05 PM","5/9/2017 5:36:02 PM","0:17:57"
"Session lock","5/9/2017 5:36:02 PM","5/9/2017 5:41:10 PM","0:05:08"
"Active","5/9/2017 5:41:10 PM","5/9/2017 6:02:27 PM","0:21:17"
"Active","5/10/2017 9:29:47 AM","5/10/2017 9:49:35 AM","0:19:48"
"Session lock","5/10/2017 9:49:35 AM","5/10/2017 10:22:30 AM","0:32:55"
"Active","5/10/2017 10:22:30 AM","5/10/2017 11:03:50 AM","0:41:20"
"Session lock","5/10/2017 11:03:50 AM","5/10/2017 11:06:12 AM","0:02:22"
"Active","5/10/2017 11:06:12 AM","5/10/2017 11:19:54 AM","0:13:42"
"Session lock","5/10/2017 11:19:54 AM","5/10/2017 11:27:31 AM","0:07:37"
"Active","5/10/2017 11:27:31 AM","5/10/2017 1:05:20 PM","1:37:49"
"Session lock","5/10/2017 1:05:20 PM","5/10/2017 1:52:47 PM","0:47:27"
"Active","5/10/2017 1:52:47 PM","5/10/2017 3:42:43 PM","1:49:56"
"Session lock","5/10/2017 3:42:43 PM","5/10/2017 3:56:55 PM","0:14:12"
"Active","5/10/2017 3:56:55 PM","5/10/2017 4:27:24 PM","0:30:29"
"Active","5/11/2017 9:29:47 AM","5/11/2017 9:48:04 AM","0:18:17"
"Session lock","5/11/2017 9:48:04 AM","5/11/2017 9:49:33 AM","0:01:29"
"Active","5/11/2017 9:49:33 AM","5/11/2017 9:53:21 AM","0:03:48"
"Away","5/11/2017 9:53:21 AM","5/11/2017 10:06:16 AM","0:12:55"
"Active","5/11/2017 10:06:16 AM","5/11/2017 10:09:39 AM","0:03:23"
"Away","5/11/2017 10:09:39 AM","5/11/2017 10:24:26 AM","0:14:47"
"Active","5/11/2017 10:24:26 AM","5/11/2017 10:54:15 AM","0:29:49"
"Session lock","5/11/2017 10:54:15 AM","5/11/2017 10:55:35 AM","0:01:20"
"Active","5/11/2017 10:55:36 AM","5/11/2017 11:07:27 AM","0:11:51"
"Session lock","5/11/2017 11:07:27 AM","5/11/2017 11:12:49 AM","0:05:22"
"Active","5/11/2017 11:12:49 AM","5/11/2017 11:22:07 AM","0:09:18"
"Session lock","5/11/2017 11:22:07 AM","5/11/2017 11:42:55 AM","0:20:48"
"Active","5/11/2017 11:42:55 AM","5/11/2017 1:06:30 PM","1:23:35"
"Away","5/11/2017 1:06:30 PM","5/11/2017 1:07:39 PM","0:01:09"
"Power off","5/11/2017 1:07:39 PM","5/11/2017 1:09:13 PM","0:01:34"
"Session lock","5/11/2017 1:09:13 PM","5/11/2017 1:09:21 PM","0:00:08"
"Active","5/11/2017 1:09:21 PM","5/11/2017 1:14:06 PM","0:04:45"
"Away","5/11/2017 1:14:06 PM","5/11/2017 1:14:22 PM","0:00:16"
"Power off","5/11/2017 1:14:22 PM","5/11/2017 2:09:59 PM","0:55:37"
"Session lock","5/11/2017 2:09:59 PM","5/11/2017 2:14:00 PM","0:04:01"
"Active","5/11/2017 2:14:00 PM","5/11/2017 2:42:16 PM","0:28:16"
"Session lock","5/11/2017 2:42:16 PM","5/11/2017 2:53:35 PM","0:11:19"
"Active","5/11/2017 2:53:35 PM","5/11/2017 5:05:51 PM","2:12:16"
"Active","5/12/2017 9:24:03 AM","5/12/2017 10:10:27 AM","0:46:24"
"Session lock","5/12/2017 10:10:27 AM","5/12/2017 10:16:49 AM","0:06:22"
"Active","5/12/2017 10:16:49 AM","5/12/2017 12:50:50 PM","2:34:01"
"Session lock","5/12/2017 12:50:50 PM","5/12/2017 1:19:46 PM","0:28:56"
"Active","5/12/2017 1:19:46 PM","5/12/2017 3:00:43 PM","1:40:57"
"Session lock","5/12/2017 3:00:43 PM","5/12/2017 3:41:32 PM","0:40:49"
"Power off","5/12/2017 3:41:32 PM","5/12/2017 4:30:59 PM","0:49:27"
"Active","5/12/2017 4:30:59 PM","5/12/2017 4:38:01 PM","0:07:02"
"Active","5/15/2017 9:13:08 AM","5/15/2017 10:02:23 AM","0:49:15"
"Session lock","5/15/2017 10:02:23 AM","5/15/2017 10:33:50 AM","0:31:27"
"Active","5/15/2017 10:33:50 AM","5/15/2017 11:18:13 AM","0:44:23"
"Session lock","5/15/2017 11:18:13 AM","5/15/2017 11:25:29 AM","0:07:16"
"Active","5/15/2017 11:25:29 AM","5/15/2017 11:45:44 AM","0:20:15"
"Session lock","5/15/2017 11:45:44 AM","5/15/2017 11:52:57 AM","0:07:13"
"Active","5/15/2017 11:52:57 AM","5/15/2017 1:08:53 PM","1:15:56"
"Session lock","5/15/2017 1:08:53 PM","5/15/2017 1:40:02 PM","0:31:09"
"Power off","5/15/2017 1:40:02 PM","5/15/2017 1:52:28 PM","0:12:26"
"Active","5/15/2017 1:52:28 PM","5/15/2017 2:03:00 PM","0:10:32"
"Session lock","5/15/2017 2:03:00 PM","5/15/2017 2:05:53 PM","0:02:53"
"Active","5/15/2017 2:05:53 PM","5/15/2017 2:28:34 PM","0:22:41"
"Session lock","5/15/2017 2:28:34 PM","5/15/2017 2:29:51 PM","0:01:17"
"Active","5/15/2017 2:29:51 PM","5/15/2017 2:30:57 PM","0:01:06"
"Session lock","5/15/2017 2:30:57 PM","5/15/2017 2:32:33 PM","0:01:36"
"Active","5/15/2017 2:32:33 PM","5/15/2017 4:14:01 PM","1:41:28"
"Session lock","5/15/2017 4:14:01 PM","5/15/2017 4:21:54 PM","0:07:53"
"Active","5/15/2017 4:21:54 PM","5/15/2017 4:32:19 PM","0:10:25"
"Session lock","5/15/2017 4:32:19 PM","5/15/2017 4:36:49 PM","0:04:30"
"Active","5/15/2017 4:36:49 PM","5/15/2017 4:51:35 PM","0:14:46"
"Active","5/16/2017 9:17:18 AM","5/16/2017 9:18:27 AM","0:01:09"
"Away","5/16/2017 9:18:27 AM","5/16/2017 9:47:47 AM","0:29:20"
"Active","5/16/2017 9:47:47 AM","5/16/2017 9:49:56 AM","0:02:09"
"Session lock","5/16/2017 9:49:56 AM","5/16/2017 10:03:52 AM","0:13:56"
"Active","5/16/2017 10:03:52 AM","5/16/2017 12:45:01 PM","2:41:09"
"Session lock","5/16/2017 12:45:01 PM","5/16/2017 12:49:35 PM","0:04:34"
"Active","5/16/2017 12:49:35 PM","5/16/2017 1:00:56 PM","0:11:21"
"Session lock","5/16/2017 1:00:56 PM","5/16/2017 1:29:48 PM","0:28:52"
"Active","5/16/2017 1:29:48 PM","5/16/2017 2:45:25 PM","1:15:37"
"Session lock","5/16/2017 2:45:25 PM","5/16/2017 2:54:16 PM","0:08:51"
"Active","5/16/2017 2:54:16 PM","5/16/2017 4:30:44 PM","1:36:28"
"Session lock","5/16/2017 4:30:44 PM","5/16/2017 4:37:18 PM","0:06:34"
"Active","5/16/2017 4:37:18 PM","5/16/2017 4:59:32 PM","0:22:14"
"Active","5/17/2017 9:36:18 AM","5/17/2017 9:50:28 AM","0:14:10"
"Session lock","5/17/2017 9:50:28 AM","5/17/2017 10:11:30 AM","0:21:02"
"Active","5/17/2017 10:11:30 AM","5/17/2017 1:05:20 PM","2:53:50"
"Session lock","5/17/2017 1:05:20 PM","5/17/2017 1:06:08 PM","0:00:48"
"Active","5/17/2017 1:06:08 PM","5/17/2017 1:06:40 PM","0:00:32"
"Session lock","5/17/2017 1:06:40 PM","5/17/2017 1:47:22 PM","0:40:42"
"Active","5/17/2017 1:47:22 PM","5/17/2017 1:52:59 PM","0:05:37"
"Active","5/17/2017 1:55:08 PM","5/17/2017 3:07:00 PM","1:11:52"
"Session lock","5/17/2017 3:07:00 PM","5/17/2017 3:38:22 PM","0:31:22"
"Active","5/17/2017 3:38:22 PM","5/17/2017 3:43:33 PM","0:05:11"
"Session lock","5/17/2017 3:43:33 PM","5/17/2017 3:49:03 PM","0:05:30"
"Active","5/17/2017 3:49:03 PM","5/17/2017 4:53:41 PM","1:04:38"
"Active","5/18/2017 9:55:46 AM","5/18/2017 11:40:18 AM","1:44:32"
"Session lock","5/18/2017 11:40:18 AM","5/18/2017 11:49:06 AM","0:08:48"
"Active","5/18/2017 11:49:06 AM","5/18/2017 1:00:54 PM","1:11:48"
"Session lock","5/18/2017 1:00:54 PM","5/18/2017 2:14:45 PM","1:13:51"
"Active","5/18/2017 2:14:45 PM","5/18/2017 4:08:01 PM","1:53:16"
"Session lock","5/18/2017 4:08:01 PM","5/18/2017 4:15:14 PM","0:07:13"
"Active","5/18/2017 4:15:14 PM","5/18/2017 4:18:55 PM","0:03:41"
"Session lock","5/18/2017 4:18:55 PM","5/18/2017 4:26:50 PM","0:07:55"
"Active","5/18/2017 4:26:50 PM","5/18/2017 4:34:27 PM","0:07:37"
"Session lock","5/18/2017 4:34:27 PM","5/18/2017 4:42:26 PM","0:07:59"
"Active","5/18/2017 4:42:26 PM","5/18/2017 5:17:33 PM","0:35:07"
"Active","5/19/2017 9:13:02 AM","5/19/2017 10:05:37 AM","0:52:35"
"Session lock","5/19/2017 10:05:37 AM","5/19/2017 10:06:56 AM","0:01:19"
"Session lock","5/19/2017 10:06:56 AM","5/19/2017 10:30:12 AM","0:23:16"
"Active","5/19/2017 10:30:12 AM","5/19/2017 12:43:44 PM","2:13:32"
"Session lock","5/19/2017 12:43:44 PM","5/19/2017 12:51:46 PM","0:08:02"
"Active","5/19/2017 12:51:46 PM","5/19/2017 1:03:52 PM","0:12:06"
"Session lock","5/19/2017 1:03:52 PM","5/19/2017 1:33:59 PM","0:30:07"
"Power off","5/19/2017 1:33:59 PM","5/19/2017 1:58:28 PM","0:24:29"
"Active","5/19/2017 1:58:28 PM","5/19/2017 3:06:16 PM","1:07:48"
"Session lock","5/19/2017 3:06:16 PM","5/19/2017 3:08:42 PM","0:02:26"
"Power off","5/19/2017 3:08:42 PM","5/19/2017 4:29:44 PM","1:21:02"
"Active","5/19/2017 4:29:44 PM","5/19/2017 4:37:56 PM","0:08:12"
"Active","5/22/2017 9:24:09 AM","5/22/2017 10:02:33 AM","0:38:24"
"Session lock","5/22/2017 10:02:33 AM","5/22/2017 10:03:49 AM","0:01:16"
"Session lock","5/22/2017 10:03:51 AM","5/22/2017 10:32:37 AM","0:28:46"
"Power off","5/22/2017 10:32:37 AM","5/22/2017 10:51:44 AM","0:19:07"
"Active","5/22/2017 10:51:44 AM","5/22/2017 11:14:11 AM","0:22:27"
"Session lock","5/22/2017 11:14:11 AM","5/22/2017 11:16:26 AM","0:02:15"
"Power off","5/22/2017 11:16:26 AM","5/22/2017 11:18:17 AM","0:01:51"
"Active","5/22/2017 11:18:17 AM","5/22/2017 11:24:23 AM","0:06:06"
"Session lock","5/22/2017 11:24:23 AM","5/22/2017 11:26:20 AM","0:01:57"
"Active","5/22/2017 11:26:20 AM","5/22/2017 1:03:54 PM","1:37:34"
"Session lock","5/22/2017 1:03:54 PM","5/22/2017 1:50:03 PM","0:46:09"
"Active","5/22/2017 1:50:03 PM","5/22/2017 2:38:59 PM","0:48:56"
"Session lock","5/22/2017 2:38:59 PM","5/22/2017 2:40:07 PM","0:01:08"
"Active","5/22/2017 2:40:07 PM","5/22/2017 4:11:14 PM","1:31:07"
"Session lock","5/22/2017 4:11:14 PM","5/22/2017 4:11:21 PM","0:00:07"
"Active","5/22/2017 4:11:21 PM","5/22/2017 4:11:29 PM","0:00:08"
"Session lock","5/22/2017 4:11:29 PM","5/22/2017 4:20:45 PM","0:09:16"
"Active","5/22/2017 4:20:45 PM","5/22/2017 4:21:52 PM","0:01:07"
"Session lock","5/22/2017 4:21:52 PM","5/22/2017 4:22:57 PM","0:01:05"
"Active","5/22/2017 4:22:57 PM","5/22/2017 4:25:19 PM","0:02:22"
"Away","5/22/2017 4:25:19 PM","5/22/2017 4:27:39 PM","0:02:20"
"Power off","5/22/2017 4:27:39 PM","5/22/2017 5:13:14 PM","0:45:35"
"Session lock","5/22/2017 5:13:14 PM","5/22/2017 5:14:21 PM","0:01:07"
"Active","5/22/2017 5:14:21 PM","5/22/2017 5:20:37 PM","0:06:16"
"Active","5/23/2017 9:29:52 AM","5/23/2017 9:50:52 AM","0:21:00"
"Session lock","5/23/2017 9:50:52 AM","5/23/2017 10:02:30 AM","0:11:38"
"Active","5/23/2017 10:02:30 AM","5/23/2017 11:40:24 AM","1:37:54"
"Session lock","5/23/2017 11:40:24 AM","5/23/2017 11:50:34 AM","0:10:10"
"Active","5/23/2017 11:50:34 AM","5/23/2017 1:23:40 PM","1:33:06"
"Session lock","5/23/2017 1:23:40 PM","5/23/2017 1:53:50 PM","0:30:10"
"Power off","5/23/2017 1:53:50 PM","5/23/2017 1:56:04 PM","0:02:14"
"Active","5/23/2017 1:56:04 PM","5/23/2017 4:11:26 PM","2:15:22"
"Active","5/26/2017 9:24:52 AM","5/26/2017 1:11:33 PM","3:46:41"
"Session lock","5/26/2017 1:11:33 PM","5/26/2017 1:42:00 PM","0:30:27"
"Power off","5/26/2017 1:42:00 PM","5/26/2017 1:51:53 PM","0:09:53"
"Active","5/26/2017 1:51:53 PM","5/26/2017 3:05:45 PM","1:13:52"
"Session lock","5/26/2017 3:05:45 PM","5/26/2017 3:12:38 PM","0:06:53"
"Power off","5/26/2017 3:12:38 PM","5/26/2017 3:55:55 PM","0:43:17"
"Active","5/26/2017 3:55:55 PM","5/26/2017 4:40:34 PM","0:44:39"
"Session lock","5/26/2017 4:40:34 PM","5/26/2017 4:43:10 PM","0:02:36"
"Power off","5/26/2017 4:43:10 PM","5/26/2017 4:55:46 PM","0:12:36"
"Active","5/26/2017 4:55:46 PM","5/26/2017 5:02:03 PM","0:06:17"
"Session lock","5/26/2017 5:02:03 PM","5/26/2017 5:04:37 PM","0:02:34"
"Power off","5/26/2017 5:04:37 PM","5/26/2017 5:25:57 PM","0:21:20"
"Active","5/26/2017 5:25:57 PM","5/26/2017 5:27:48 PM","0:01:51"
"Session lock","5/26/2017 5:27:48 PM","5/26/2017 5:29:49 PM","0:02:01"
"Power off","5/26/2017 5:29:49 PM","5/26/2017 5:32:07 PM","0:02:18"
"Active","5/26/2017 5:32:07 PM","5/26/2017 5:33:23 PM","0:01:16"
"Active","5/30/2017 9:35:02 AM","5/30/2017 10:04:27 AM","0:29:25"
"Session lock","5/30/2017 10:04:27 AM","5/30/2017 10:29:36 AM","0:25:09"
"Active","5/30/2017 10:29:36 AM","5/30/2017 10:33:15 AM","0:03:39"
"Session lock","5/30/2017 10:33:15 AM","5/30/2017 11:09:48 AM","0:36:33"
"Active","5/30/2017 11:09:48 AM","5/30/2017 12:18:11 PM","1:08:23"
"Session lock","5/30/2017 12:18:11 PM","5/30/2017 12:48:19 PM","0:30:08"
"Power off","5/30/2017 12:48:19 PM","5/30/2017 12:58:18 PM","0:09:59"
"Active","5/30/2017 12:58:18 PM","5/30/2017 1:09:34 PM","0:11:16"
"Session lock","5/30/2017 1:09:34 PM","5/30/2017 1:12:20 PM","0:02:46"
"Active","5/30/2017 1:12:20 PM","5/30/2017 1:52:23 PM","0:40:03"
"Session lock","5/30/2017 1:52:23 PM","5/30/2017 2:05:41 PM","0:13:18"
"Active","5/30/2017 2:05:41 PM","5/30/2017 2:10:52 PM","0:05:11"
"Session lock","5/30/2017 2:10:52 PM","5/30/2017 2:13:55 PM","0:03:03"
"Active","5/30/2017 2:13:55 PM","5/30/2017 3:58:47 PM","1:44:52"
"Session lock","5/30/2017 3:58:47 PM","5/30/2017 4:11:53 PM","0:13:06"
"Active","5/30/2017 4:11:53 PM","5/30/2017 5:01:03 PM","0:49:10"
"Active","5/31/2017 9:23:17 AM","5/31/2017 9:47:20 AM","0:24:03"
"Session lock","5/31/2017 9:47:20 AM","5/31/2017 10:17:36 AM","0:30:16"
"Power off","5/31/2017 10:17:36 AM","5/31/2017 10:19:03 AM","0:01:27"
"Active","5/31/2017 10:19:03 AM","5/31/2017 12:14:54 PM","1:55:51"
"Session lock","5/31/2017 12:14:54 PM","5/31/2017 12:19:31 PM","0:04:37"
"Active","5/31/2017 12:19:31 PM","5/31/2017 12:57:31 PM","0:38:00"
"Session lock","5/31/2017 12:57:31 PM","5/31/2017 1:27:57 PM","0:30:26"
"Power off","5/31/2017 1:27:57 PM","5/31/2017 2:34:14 PM","1:06:17"
"Session lock","5/31/2017 2:34:14 PM","5/31/2017 2:34:27 PM","0:00:13"
"Active","5/31/2017 2:34:27 PM","5/31/2017 4:02:50 PM","1:28:23"
"Away","5/31/2017 4:02:50 PM","5/31/2017 4:34:59 PM","0:32:09"
"Power off","5/31/2017 4:34:59 PM","5/31/2017 4:44:06 PM","0:09:07"
"Active","5/31/2017 4:44:06 PM","5/31/2017 5:37:38 PM","0:53:32"
"Away","5/31/2017 5:37:38 PM","5/31/2017 5:39:42 PM","0:02:04"
"Power off","5/31/2017 5:39:42 PM","5/31/2017 5:41:08 PM","0:01:26"
"Active","5/31/2017 5:41:08 PM","5/31/2017 5:59:43 PM","0:18:35"
"Away","5/31/2017 5:59:43 PM","5/31/2017 6:01:57 PM","0:02:14"
"Power off","5/31/2017 6:01:57 PM","5/31/2017 6:03:13 PM","0:01:16"
"Active","5/31/2017 6:03:13 PM","5/31/2017 6:13:34 PM","0:10:21"
"Session lock","5/31/2017 6:13:34 PM","5/31/2017 6:15:54 PM","0:02:20"
"Power off","5/31/2017 6:15:54 PM","5/31/2017 6:17:00 PM","0:01:06"
"Active","5/31/2017 6:17:00 PM","5/31/2017 6:21:08 PM","0:04:08"
"Active","6/1/2017 9:43:01 AM","6/1/2017 9:46:36 AM","0:03:35"
"Session lock","6/1/2017 9:46:36 AM","6/1/2017 9:53:18 AM","0:06:42"
"Session lock","6/1/2017 9:53:19 AM","6/1/2017 10:06:35 AM","0:13:16"
"Active","6/1/2017 10:06:35 AM","6/1/2017 11:22:34 AM","1:15:59"
"Session lock","6/1/2017 11:22:34 AM","6/1/2017 11:29:58 AM","0:07:24"
"Active","6/1/2017 11:29:58 AM","6/1/2017 12:41:27 PM","1:11:29"
"Session lock","6/1/2017 12:41:27 PM","6/1/2017 12:43:37 PM","0:02:10"
"Active","6/1/2017 12:43:37 PM","6/1/2017 12:51:54 PM","0:08:17"
"Session lock","6/1/2017 12:51:54 PM","6/1/2017 1:24:15 PM","0:32:21"
"Power off","6/1/2017 1:24:15 PM","6/1/2017 1:28:41 PM","0:04:26"
"Active","6/1/2017 1:28:41 PM","6/1/2017 4:18:25 PM","2:49:44"
"Session lock","6/1/2017 4:18:25 PM","6/1/2017 4:21:29 PM","0:03:04"
"Power off","6/1/2017 4:21:29 PM","6/1/2017 4:30:56 PM","0:09:27"
"Active","6/1/2017 4:30:56 PM","6/1/2017 4:58:40 PM","0:27:44"
"Session lock","6/1/2017 4:58:40 PM","6/1/2017 4:59:51 PM","0:01:11"
"Active","6/1/2017 4:59:51 PM","6/1/2017 5:06:10 PM","0:06:19"
"Away","6/1/2017 5:06:10 PM","6/1/2017 5:08:31 PM","0:02:21"
"Session lock","6/1/2017 5:08:31 PM","6/1/2017 5:08:39 PM","0:00:08"
"Power off","6/1/2017 5:08:39 PM","6/1/2017 5:22:59 PM","0:14:20"
"Active","6/1/2017 5:22:59 PM","6/1/2017 5:24:06 PM","0:01:07"
"Active","6/4/2017 10:21:43 AM","6/4/2017 10:27:25 AM","0:05:42"
"Active","6/5/2017 2:12:37 AM","6/5/2017 2:39:05 AM","0:26:28"
"Session lock","6/5/2017 2:39:05 AM","6/5/2017 2:40:17 AM","0:01:12"
"Session lock","6/5/2017 2:40:18 AM","6/5/2017 2:41:26 AM","0:01:08"
"Active","6/5/2017 2:41:26 AM","6/5/2017 3:24:06 AM","0:42:40"
"Active","6/5/2017 1:24:07 PM","6/5/2017 2:21:13 PM","0:57:06"
"Session lock","6/5/2017 2:21:13 PM","6/5/2017 2:42:48 PM","0:21:35"
"Active","6/5/2017 2:42:48 PM","6/5/2017 4:39:14 PM","1:56:26"
"Session lock","6/5/2017 4:39:14 PM","6/5/2017 4:51:50 PM","0:12:36"
"Active","6/5/2017 4:51:50 PM","6/5/2017 6:24:38 PM","1:32:48"
"Active","6/5/2017 6:56:24 PM","6/5/2017 7:08:26 PM","0:12:02"
"Session lock","6/5/2017 7:08:26 PM","6/5/2017 7:10:43 PM","0:02:17"
"Active","6/5/2017 7:10:43 PM","6/5/2017 7:54:00 PM","0:43:17"
"Power off","6/5/2017 7:54:00 PM","6/5/2017 8:20:19 PM","0:26:19"
"Active","6/5/2017 8:20:19 PM","6/5/2017 9:09:59 PM","0:49:40"
"Away","6/5/2017 9:09:59 PM","6/5/2017 9:10:10 PM","0:00:11"
"Power off","6/5/2017 9:10:10 PM","6/5/2017 9:23:07 PM","0:12:57"
"Active","6/5/2017 9:23:07 PM","6/5/2017 9:23:17 PM","0:00:10"
"Active","6/6/2017 8:34:56 AM","6/6/2017 11:52:57 AM","3:18:01"
"Session lock","6/6/2017 11:52:57 AM","6/6/2017 12:07:45 PM","0:14:48"
"Active","6/6/2017 12:07:45 PM","6/6/2017 12:47:21 PM","0:39:36"
"Away","6/6/2017 12:47:21 PM","6/6/2017 12:47:28 PM","0:00:07"
"Power off","6/6/2017 12:47:28 PM","6/6/2017 1:44:16 PM","0:56:48"
"Session lock","6/6/2017 1:44:16 PM","6/6/2017 1:44:22 PM","0:00:06"
"Active","6/6/2017 1:44:22 PM","6/6/2017 4:49:10 PM","3:04:48"
"Power off","6/6/2017 4:49:10 PM","6/6/2017 6:41:56 PM","1:52:46"
"Session lock","6/6/2017 6:41:56 PM","6/6/2017 6:42:02 PM","0:00:06"
"Active","6/6/2017 6:42:02 PM","6/6/2017 7:03:20 PM","0:21:18"
"Power off","6/6/2017 7:03:20 PM","6/6/2017 9:11:04 PM","2:07:44"
"Active","6/6/2017 9:11:04 PM","6/6/2017 9:18:48 PM","0:07:44"
"Power off","6/6/2017 9:18:48 PM","6/6/2017 9:19:10 PM","0:00:22"
"Active","6/6/2017 9:19:10 PM","6/6/2017 9:19:24 PM","0:00:14"
"Active","6/7/2017 10:02:52 AM","6/7/2017 12:21:48 PM","2:18:56"
"Session lock","6/7/2017 12:21:48 PM","6/7/2017 12:23:01 PM","0:01:13"
"Session lock","6/7/2017 12:23:02 PM","6/7/2017 12:38:49 PM","0:15:47"
"Active","6/7/2017 12:38:49 PM","6/7/2017 1:37:25 PM","0:58:36"
"Power off","6/7/2017 1:37:25 PM","6/7/2017 2:21:38 PM","0:44:13"
"Active","6/7/2017 2:21:38 PM","6/7/2017 2:29:46 PM","0:08:08"
"Active","6/7/2017 2:31:38 PM","6/7/2017 2:54:26 PM","0:22:48"
"Active","6/7/2017 2:56:21 PM","6/7/2017 4:48:00 PM","1:51:39"
"Power off","6/7/2017 4:48:00 PM","6/7/2017 6:43:43 PM","1:55:43"
"Session lock","6/7/2017 6:43:43 PM","6/7/2017 6:43:49 PM","0:00:06"
"Active","6/7/2017 6:43:49 PM","6/7/2017 7:26:34 PM","0:42:45"
"Power off","6/7/2017 7:26:34 PM","6/7/2017 7:52:16 PM","0:25:42"
"Active","6/7/2017 7:52:16 PM","6/7/2017 7:52:59 PM","0:00:43"
"Active","6/8/2017 9:00:58 AM","6/8/2017 12:33:15 PM","3:32:17"
"Active","6/8/2017 12:34:57 PM","6/8/2017 12:39:20 PM","0:04:23"
"Away","6/8/2017 12:39:20 PM","6/8/2017 12:39:29 PM","0:00:09"
"Power off","6/8/2017 12:39:29 PM","6/8/2017 1:40:28 PM","1:00:59"
"Active","6/8/2017 1:40:28 PM","6/8/2017 1:50:56 PM","0:10:28"
"Active","6/8/2017 1:52:09 PM","6/8/2017 4:35:05 PM","2:42:56"
"Power off","6/8/2017 4:35:05 PM","6/8/2017 6:43:04 PM","2:07:59"
"Active","6/8/2017 6:43:04 PM","6/8/2017 7:33:18 PM","0:50:14"
"Away","6/8/2017 7:33:18 PM","6/8/2017 7:33:32 PM","0:00:14"
"Power off","6/8/2017 7:33:32 PM","6/8/2017 8:44:34 PM","1:11:02"
"Session lock","6/8/2017 8:44:34 PM","6/8/2017 8:44:44 PM","0:00:10"
"Active","6/8/2017 8:44:44 PM","6/8/2017 8:56:19 PM","0:11:35"
"Active","6/9/2017 9:04:49 AM","6/9/2017 9:06:16 AM","0:01:27"
"Session lock","6/9/2017 9:06:16 AM","6/9/2017 9:12:13 AM","0:05:57"
"Active","6/9/2017 9:12:13 AM","6/9/2017 11:54:28 AM","2:42:15"
"Session lock","6/9/2017 11:54:28 AM","6/9/2017 12:24:43 PM","0:30:15"
"Power off","6/9/2017 12:24:43 PM","6/9/2017 1:34:31 PM","1:09:48"
"Active","6/9/2017 1:34:31 PM","6/9/2017 2:14:38 PM","0:40:07"
"Active","6/9/2017 6:22:07 PM","6/9/2017 6:26:42 PM","0:04:35"
"Session lock","6/9/2017 6:26:42 PM","6/9/2017 6:26:49 PM","0:00:07"
"Power off","6/9/2017 6:26:49 PM","6/9/2017 7:10:23 PM","0:43:34"
"Session lock","6/9/2017 7:10:23 PM","6/9/2017 7:10:38 PM","0:00:15"
"Active","6/9/2017 7:10:38 PM","6/9/2017 7:23:20 PM","0:12:42"
"Active","6/11/2017 6:50:04 PM","6/11/2017 7:07:34 PM","0:17:30"
"Active","6/16/2017 10:14:11 AM","6/16/2017 10:51:15 AM","0:37:04"
"Session lock","6/16/2017 10:51:15 AM","6/16/2017 10:55:34 AM","0:04:19"
"Active","6/16/2017 10:55:34 AM","6/16/2017 11:39:46 AM","0:44:12"
"Active","6/16/2017 11:42:03 AM","6/16/2017 11:46:40 AM","0:04:37"
"Away","6/16/2017 11:46:40 AM","6/16/2017 11:46:50 AM","0:00:10"
"Power off","6/16/2017 11:46:50 AM","6/16/2017 2:21:10 PM","2:34:20"
"Session lock","6/16/2017 2:21:10 PM","6/16/2017 2:21:30 PM","0:00:20"
"Active","6/16/2017 2:21:30 PM","6/16/2017 2:21:40 PM","0:00:10"
"Active","6/18/2017 6:39:17 PM","6/18/2017 6:50:42 PM","0:11:25"
"Away","6/18/2017 6:50:42 PM","6/18/2017 6:58:38 PM","0:07:56"
"Power off","6/18/2017 6:58:38 PM","6/18/2017 7:09:51 PM","0:11:13"
"Active","6/18/2017 7:09:51 PM","6/18/2017 7:11:04 PM","0:01:13"
"Session lock","6/18/2017 7:11:04 PM","6/18/2017 7:11:15 PM","0:00:11"
"Power off","6/18/2017 7:11:15 PM","6/18/2017 7:16:55 PM","0:05:40"
"Active","6/18/2017 7:16:55 PM","6/18/2017 7:17:46 PM","0:00:51"
"Active","6/19/2017 11:01:33 AM","6/19/2017 11:06:17 AM","0:04:44"
"Active","6/19/2017 11:07:40 AM","6/19/2017 11:18:42 AM","0:11:02"
"Active","6/19/2017 11:20:58 AM","6/19/2017 11:24:26 AM","0:03:28"
"Away","6/19/2017 11:24:26 AM","6/19/2017 11:24:33 AM","0:00:07"
"Power off","6/19/2017 11:24:33 AM","6/19/2017 11:41:58 AM","0:17:25"
"Session lock","6/19/2017 11:41:58 AM","6/19/2017 11:42:08 AM","0:00:10"
"Active","6/19/2017 11:42:08 AM","6/19/2017 11:53:36 AM","0:11:28"
"Away","6/19/2017 11:53:36 AM","6/19/2017 11:53:46 AM","0:00:10"
"Power off","6/19/2017 11:53:46 AM","6/19/2017 12:23:02 PM","0:29:16"
"Active","6/19/2017 12:23:02 PM","6/19/2017 12:25:54 PM","0:02:52"
"Active","6/22/2017 8:09:33 AM","6/22/2017 8:17:11 AM","0:07:38"
"Active","6/22/2017 8:19:42 AM","6/22/2017 8:54:23 AM","0:34:41"
"Away","6/22/2017 8:54:24 AM","6/22/2017 9:18:52 AM","0:24:28"
"Active","6/22/2017 9:18:52 AM","6/22/2017 10:55:32 AM","1:36:40"
"Session lock","6/22/2017 10:55:32 AM","6/22/2017 10:55:41 AM","0:00:09"
"Active","6/22/2017 10:55:41 AM","6/22/2017 10:56:27 AM","0:00:46"
"Session lock","6/22/2017 10:56:27 AM","6/22/2017 11:03:57 AM","0:07:30"
"Active","6/22/2017 11:03:57 AM","6/22/2017 11:59:51 AM","0:55:54"
"Power off","6/22/2017 11:59:51 AM","6/22/2017 1:03:20 PM","1:03:29"
"Active","6/22/2017 1:03:20 PM","6/22/2017 3:25:12 PM","2:21:52"
"Session lock","6/22/2017 3:25:12 PM","6/22/2017 3:31:11 PM","0:05:59"
"Active","6/22/2017 3:31:11 PM","6/22/2017 4:08:33 PM","0:37:22"
"Session lock","6/22/2017 4:08:33 PM","6/22/2017 4:35:56 PM","0:27:23"
"Active","6/22/2017 4:35:56 PM","6/22/2017 4:39:21 PM","0:03:25"
"Away","6/22/2017 4:39:21 PM","6/22/2017 4:39:56 PM","0:00:35"
"Power off","6/22/2017 4:39:56 PM","6/22/2017 4:40:23 PM","0:00:27"
"Session lock","6/22/2017 4:40:23 PM","6/22/2017 4:40:32 PM","0:00:09"
"Power off","6/22/2017 4:40:32 PM","6/22/2017 4:40:37 PM","0:00:05"
"Session lock","6/22/2017 4:40:37 PM","6/22/2017 4:40:45 PM","0:00:08"
"Power off","6/22/2017 4:40:45 PM","6/22/2017 5:42:09 PM","1:01:24"
"Active","6/22/2017 5:42:09 PM","6/22/2017 5:56:03 PM","0:13:54"
"Active","6/22/2017 5:56:32 PM","6/22/2017 6:09:32 PM","0:13:00"
"Active","6/23/2017 8:47:23 AM","6/23/2017 10:43:18 AM","1:55:55"
"Session lock","6/23/2017 10:43:18 AM","6/23/2017 10:52:11 AM","0:08:53"
"Active","6/23/2017 10:52:11 AM","6/23/2017 12:52:33 PM","2:00:22"
"Session lock","6/23/2017 12:52:33 PM","6/23/2017 1:22:54 PM","0:30:21"
"Active","6/23/2017 1:22:54 PM","6/23/2017 2:40:34 PM","1:17:40"
"Session lock","6/23/2017 2:40:34 PM","6/23/2017 2:56:19 PM","0:15:45"
"Active","6/23/2017 2:56:19 PM","6/23/2017 3:09:10 PM","0:12:51"
"Session lock","6/23/2017 3:09:10 PM","6/23/2017 3:39:30 PM","0:30:20"
"Power off","6/23/2017 3:39:30 PM","6/23/2017 4:12:30 PM","0:33:00"
"Active","6/23/2017 4:12:30 PM","6/23/2017 4:13:43 PM","0:01:13"
"Active","6/26/2017 9:20:50 AM","6/26/2017 9:58:12 AM","0:37:22"
"Active","6/26/2017 10:00:03 AM","6/26/2017 10:02:50 AM","0:02:47"
"Session lock","6/26/2017 10:02:50 AM","6/26/2017 10:10:05 AM","0:07:15"
"Session lock","6/26/2017 10:10:06 AM","6/26/2017 10:33:06 AM","0:23:00"
"Power off","6/26/2017 10:33:06 AM","6/26/2017 10:45:25 AM","0:12:19"
"Active","6/26/2017 10:45:25 AM","6/26/2017 12:20:02 PM","1:34:37"
"Power off","6/26/2017 12:20:02 PM","6/26/2017 1:00:12 PM","0:40:10"
"Active","6/26/2017 1:00:12 PM","6/26/2017 2:37:42 PM","1:37:30"
"Session lock","6/26/2017 2:37:42 PM","6/26/2017 2:47:36 PM","0:09:54"
"Active","6/26/2017 2:47:36 PM","6/26/2017 4:50:04 PM","2:02:28"
"Active","6/27/2017 8:56:58 AM","6/27/2017 11:07:39 AM","2:10:41"
"Session lock","6/27/2017 11:07:39 AM","6/27/2017 11:14:20 AM","0:06:41"
"Active","6/27/2017 11:14:20 AM","6/27/2017 12:28:13 PM","1:13:53"
"Session lock","6/27/2017 12:28:13 PM","6/27/2017 12:58:47 PM","0:30:34"
"Active","6/27/2017 12:58:47 PM","6/27/2017 2:56:29 PM","1:57:42"
"Session lock","6/27/2017 2:56:29 PM","6/27/2017 3:11:18 PM","0:14:49"
"Active","6/27/2017 3:11:18 PM","6/27/2017 4:32:15 PM","1:20:57"
"Active","6/30/2017 10:31:49 AM","6/30/2017 12:28:23 PM","1:56:34"
"Session lock","6/30/2017 12:28:23 PM","6/30/2017 12:31:46 PM","0:03:23"
"Active","6/30/2017 12:31:46 PM","6/30/2017 12:58:01 PM","0:26:15"
"Session lock","6/30/2017 12:58:01 PM","6/30/2017 1:44:06 PM","0:46:05"
"Active","6/30/2017 1:44:06 PM","6/30/2017 1:57:36 PM","0:13:30"
"Session lock","6/30/2017 1:57:36 PM","6/30/2017 2:43:03 PM","0:45:27"
"Active","6/30/2017 2:43:03 PM","6/30/2017 3:01:20 PM","0:18:17"
"Session lock","6/30/2017 3:01:20 PM","6/30/2017 3:51:47 PM","0:50:27"
"Active","6/30/2017 3:51:47 PM","6/30/2017 4:26:09 PM","0:34:22"
"Session lock","6/30/2017 4:26:09 PM","6/30/2017 4:26:59 PM","0:00:50"
"Active","6/30/2017 4:26:59 PM","6/30/2017 4:27:21 PM","0:00:22"
"Session lock","6/30/2017 4:27:21 PM","6/30/2017 4:41:01 PM","0:13:40"
"Active","6/30/2017 4:41:01 PM","6/30/2017 5:25:29 PM","0:44:28"
"Active","7/3/2017 9:10:18 AM","7/3/2017 9:10:31 AM","0:00:13"
"Session lock","7/3/2017 9:10:31 AM","7/3/2017 9:16:36 AM","0:06:05"
"Active","7/3/2017 9:16:36 AM","7/3/2017 10:12:17 AM","0:55:41"
"Session lock","7/3/2017 10:12:17 AM","7/3/2017 10:30:00 AM","0:17:43"
"Active","7/3/2017 10:30:00 AM","7/3/2017 12:47:10 PM","2:17:10"
"Session lock","7/3/2017 12:47:10 PM","7/3/2017 1:18:47 PM","0:31:37"
"Power off","7/3/2017 1:18:47 PM","7/3/2017 1:38:06 PM","0:19:19"
"Active","7/3/2017 1:38:06 PM","7/3/2017 2:18:47 PM","0:40:41"
"Session lock","7/3/2017 2:18:47 PM","7/3/2017 2:24:34 PM","0:05:47"
"Active","7/3/2017 2:24:34 PM","7/3/2017 5:13:41 PM","2:49:07"
"Session lock","7/3/2017 5:13:41 PM","7/3/2017 5:23:44 PM","0:10:03"
"Active","7/3/2017 5:23:44 PM","7/3/2017 5:24:30 PM","0:00:46"
"Active","7/3/2017 5:44:04 PM","7/3/2017 5:55:53 PM","0:11:49"
"Active","7/5/2017 9:25:35 AM","7/5/2017 9:45:05 AM","0:19:30"
"Session lock","7/5/2017 9:45:05 AM","7/5/2017 9:51:16 AM","0:06:11"
"Active","7/5/2017 9:51:16 AM","7/5/2017 12:52:43 PM","3:01:27"
"Session lock","7/5/2017 12:52:43 PM","7/5/2017 1:22:50 PM","0:30:07"
"Power off","7/5/2017 1:22:50 PM","7/5/2017 2:11:17 PM","0:48:27"
"Session lock","7/5/2017 2:11:17 PM","7/5/2017 2:11:25 PM","0:00:08"
"Active","7/5/2017 2:11:25 PM","7/5/2017 2:52:23 PM","0:40:58"
"Session lock","7/5/2017 2:52:23 PM","7/5/2017 2:59:10 PM","0:06:47"
"Active","7/5/2017 2:59:10 PM","7/5/2017 4:20:10 PM","1:21:00"
"Session lock","7/5/2017 4:20:10 PM","7/5/2017 4:33:08 PM","0:12:58"
"Active","7/5/2017 4:33:08 PM","7/5/2017 5:07:53 PM","0:34:45"
"Active","7/6/2017 9:17:52 AM","7/6/2017 9:46:26 AM","0:28:34"
"Session lock","7/6/2017 9:46:26 AM","7/6/2017 10:11:15 AM","0:24:49"
"Active","7/6/2017 10:11:15 AM","7/6/2017 11:00:49 AM","0:49:34"
"Session lock","7/6/2017 11:00:49 AM","7/6/2017 11:01:02 AM","0:00:13"
"Active","7/6/2017 11:01:02 AM","7/6/2017 11:01:12 AM","0:00:10"
"Session lock","7/6/2017 11:01:12 AM","7/6/2017 11:31:12 AM","0:30:00"
"Power off","7/6/2017 11:31:12 AM","7/6/2017 12:04:23 PM","0:33:11"
"Active","7/6/2017 12:04:23 PM","7/6/2017 12:36:30 PM","0:32:07"
"Session lock","7/6/2017 12:36:30 PM","7/6/2017 12:38:41 PM","0:02:11"
"Power off","7/6/2017 12:38:41 PM","7/6/2017 12:47:07 PM","0:08:26"
"Active","7/6/2017 12:47:07 PM","7/6/2017 12:50:36 PM","0:03:29"
"Session lock","7/6/2017 12:50:36 PM","7/6/2017 12:52:58 PM","0:02:22"
"Power off","7/6/2017 12:52:58 PM","7/6/2017 1:28:10 PM","0:35:12"
"Active","7/6/2017 1:28:10 PM","7/6/2017 2:59:59 PM","1:31:49"
"Session lock","7/6/2017 2:59:59 PM","7/6/2017 3:02:25 PM","0:02:26"
"Power off","7/6/2017 3:02:25 PM","7/6/2017 4:14:04 PM","1:11:39"
"Session lock","7/6/2017 4:14:04 PM","7/6/2017 4:14:16 PM","0:00:12"
"Active","7/6/2017 4:14:16 PM","7/6/2017 4:14:42 PM","0:00:26"
"Session lock","7/6/2017 4:14:42 PM","7/6/2017 4:20:20 PM","0:05:38"
"Active","7/6/2017 4:20:20 PM","7/6/2017 5:02:48 PM","0:42:28"
"Active","7/7/2017 9:26:49 AM","7/7/2017 9:47:24 AM","0:20:35"
"Active","7/7/2017 9:47:25 AM","7/7/2017 10:03:47 AM","0:16:22"
"Session lock","7/7/2017 10:03:47 AM","7/7/2017 10:20:06 AM","0:16:19"
"Active","7/7/2017 10:20:06 AM","7/7/2017 12:57:56 PM","2:37:50"
"Session lock","7/7/2017 12:57:56 PM","7/7/2017 1:28:03 PM","0:30:07"
"Power off","7/7/2017 1:28:03 PM","7/7/2017 1:45:30 PM","0:17:27"
"Active","7/7/2017 1:45:30 PM","7/7/2017 2:38:59 PM","0:53:29"
"Session lock","7/7/2017 2:38:59 PM","7/7/2017 2:39:30 PM","0:00:31"
"Active","7/7/2017 2:39:30 PM","7/7/2017 2:39:38 PM","0:00:08"
"Session lock","7/7/2017 2:39:38 PM","7/7/2017 2:56:09 PM","0:16:31"
"Active","7/7/2017 2:56:09 PM","7/7/2017 3:07:28 PM","0:11:19"
"Session lock","7/7/2017 3:07:28 PM","7/7/2017 3:37:50 PM","0:30:22"
"Power off","7/7/2017 3:37:50 PM","7/7/2017 4:00:59 PM","0:23:09"
"Active","7/7/2017 4:00:59 PM","7/7/2017 4:16:21 PM","0:15:22"
"Away","7/7/2017 4:16:21 PM","7/7/2017 4:18:43 PM","0:02:22"
"Power off","7/7/2017 4:18:43 PM","7/7/2017 4:19:07 PM","0:00:24"
"Active","7/7/2017 4:19:07 PM","7/7/2017 4:27:33 PM","0:08:26"
"Away","7/7/2017 4:27:33 PM","7/7/2017 4:29:47 PM","0:02:14"
"Power off","7/7/2017 4:29:47 PM","7/7/2017 4:30:07 PM","0:00:20"
"Away","7/7/2017 4:30:07 PM","7/7/2017 4:32:20 PM","0:02:13"
"Power off","7/7/2017 4:32:20 PM","7/7/2017 4:37:51 PM","0:05:31"
"Active","7/7/2017 4:37:51 PM","7/7/2017 4:42:54 PM","0:05:03"
"Session lock","7/7/2017 4:42:54 PM","7/7/2017 4:45:02 PM","0:02:08"
"Power off","7/7/2017 4:45:02 PM","7/7/2017 4:51:17 PM","0:06:15"
"Active","7/7/2017 4:51:17 PM","7/7/2017 4:59:20 PM","0:08:03"
"Active","7/10/2017 9:44:12 AM","7/10/2017 9:49:15 AM","0:05:03"
"Active","7/10/2017 9:51:57 AM","7/10/2017 10:08:18 AM","0:16:21"
"Away","7/10/2017 10:08:18 AM","7/10/2017 10:35:17 AM","0:26:59"
"Power off","7/10/2017 10:35:17 AM","7/10/2017 11:24:50 AM","0:49:33"
"Active","7/10/2017 11:24:50 AM","7/10/2017 11:47:57 AM","0:23:07"
"Away","7/10/2017 11:47:57 AM","7/10/2017 11:50:03 AM","0:02:06"
"Power off","7/10/2017 11:50:03 AM","7/10/2017 11:51:10 AM","0:01:07"
"Active","7/10/2017 11:51:10 AM","7/10/2017 12:32:20 PM","0:41:10"
"Session lock","7/10/2017 12:32:20 PM","7/10/2017 12:36:16 PM","0:03:56"
"Power off","7/10/2017 12:36:16 PM","7/10/2017 12:37:03 PM","0:00:47"
"Active","7/10/2017 12:37:03 PM","7/10/2017 12:42:01 PM","0:04:58"
"Away","7/10/2017 12:42:01 PM","7/10/2017 12:44:25 PM","0:02:24"
"Power off","7/10/2017 12:44:25 PM","7/10/2017 12:44:46 PM","0:00:21"
"Active","7/10/2017 12:44:46 PM","7/10/2017 12:47:05 PM","0:02:19"
"Session lock","7/10/2017 12:47:05 PM","7/10/2017 12:49:28 PM","0:02:23"
"Power off","7/10/2017 12:49:28 PM","7/10/2017 1:51:50 PM","1:02:22"
"Active","7/10/2017 1:51:50 PM","7/10/2017 2:37:53 PM","0:46:03"
"Session lock","7/10/2017 2:37:53 PM","7/10/2017 2:40:05 PM","0:02:12"
"Power off","7/10/2017 2:40:05 PM","7/10/2017 2:41:05 PM","0:01:00"
"Active","7/10/2017 2:41:05 PM","7/10/2017 3:48:15 PM","1:07:10"
"Session lock","7/10/2017 3:48:15 PM","7/10/2017 3:50:23 PM","0:02:08"
"Power off","7/10/2017 3:50:23 PM","7/10/2017 3:58:34 PM","0:08:11"
"Active","7/10/2017 3:58:34 PM","7/10/2017 5:14:43 PM","1:16:09"
"Active","7/11/2017 9:27:09 AM","7/11/2017 9:45:46 AM","0:18:37"
"Session lock","7/11/2017 9:45:46 AM","7/11/2017 10:08:03 AM","0:22:17"
"Active","7/11/2017 10:08:03 AM","7/11/2017 12:58:06 PM","2:50:03"
"Session lock","7/11/2017 12:58:06 PM","7/11/2017 1:28:56 PM","0:30:50"
"Power off","7/11/2017 1:28:56 PM","7/11/2017 1:43:47 PM","0:14:51"
"Active","7/11/2017 1:43:47 PM","7/11/2017 1:45:26 PM","0:01:39"
"Session lock","7/11/2017 1:45:26 PM","7/11/2017 1:45:35 PM","0:00:09"
"Active","7/11/2017 1:45:35 PM","7/11/2017 1:48:54 PM","0:03:19"
"Session lock","7/11/2017 1:48:54 PM","7/11/2017 1:51:02 PM","0:02:08"
"Power off","7/11/2017 1:51:02 PM","7/11/2017 1:52:17 PM","0:01:15"
"Active","7/11/2017 1:52:17 PM","7/11/2017 1:55:03 PM","0:02:46"
"Session lock","7/11/2017 1:55:03 PM","7/11/2017 1:57:33 PM","0:02:30"
"Power off","7/11/2017 1:57:33 PM","7/11/2017 1:59:46 PM","0:02:13"
"Active","7/11/2017 1:59:46 PM","7/11/2017 2:00:28 PM","0:00:42"
"Session lock","7/11/2017 2:00:28 PM","7/11/2017 2:02:17 PM","0:01:49"
"Active","7/11/2017 2:02:17 PM","7/11/2017 2:17:03 PM","0:14:46"
"Power off","7/11/2017 2:17:03 PM","7/11/2017 2:20:32 PM","0:03:29"
"Session lock","7/11/2017 2:20:32 PM","7/11/2017 2:22:05 PM","0:01:33"
"Active","7/11/2017 2:32:51 PM","7/11/2017 3:03:22 PM","0:30:31"
"Session lock","7/11/2017 3:03:22 PM","7/11/2017 3:20:42 PM","0:17:20"
"Active","7/11/2017 3:20:42 PM","7/11/2017 3:47:23 PM","0:26:41"
"Session lock","7/11/2017 3:47:23 PM","7/11/2017 3:47:38 PM","0:00:15"
"Active","7/11/2017 3:47:38 PM","7/11/2017 3:47:52 PM","0:00:14"
"Session lock","7/11/2017 3:47:52 PM","7/11/2017 3:57:08 PM","0:09:16"
"Active","7/11/2017 3:57:08 PM","7/11/2017 4:31:32 PM","0:34:24"
"Active","7/11/2017 4:32:37 PM","7/11/2017 4:33:27 PM","0:00:50"
"Active","7/11/2017 4:33:30 PM","7/11/2017 4:43:38 PM","0:10:08"
"Active","7/11/2017 5:10:18 PM","7/11/2017 5:12:27 PM","0:02:09"
"Active","7/11/2017 5:14:00 PM","7/11/2017 5:14:01 PM","0:00:01"
"Active","7/11/2017 5:17:20 PM","7/11/2017 5:18:15 PM","0:00:55"
"Away","7/11/2017 5:18:15 PM","7/11/2017 5:33:09 PM","0:14:54"
"Active","7/11/2017 5:33:09 PM","7/11/2017 5:43:27 PM","0:10:18"
"Active","7/12/2017 9:40:01 AM","7/12/2017 9:52:30 AM","0:12:29"
"Away","7/12/2017 9:52:30 AM","7/12/2017 10:03:04 AM","0:10:34"
"Active","7/12/2017 10:03:04 AM","7/12/2017 10:06:38 AM","0:03:34"
"Session lock","7/12/2017 10:06:38 AM","7/12/2017 10:16:40 AM","0:10:02"
"Active","7/12/2017 10:16:40 AM","7/12/2017 10:48:50 AM","0:32:10"
"Away","7/12/2017 10:48:50 AM","7/12/2017 11:25:27 AM","0:36:37"
"Active","7/12/2017 11:25:27 AM","7/12/2017 12:46:24 PM","1:20:57"
"Session lock","7/12/2017 12:46:24 PM","7/12/2017 1:28:27 PM","0:42:03"
"Active","7/12/2017 1:28:27 PM","7/12/2017 3:36:37 PM","2:08:10"
"Session lock","7/12/2017 3:36:37 PM","7/12/2017 3:47:08 PM","0:10:31"
"Active","7/12/2017 3:47:08 PM","7/12/2017 5:06:19 PM","1:19:11"
"Active","7/13/2017 9:31:52 AM","7/13/2017 9:46:05 AM","0:14:13"
"Session lock","7/13/2017 9:46:05 AM","7/13/2017 9:52:38 AM","0:06:33"
"Session lock","7/13/2017 9:52:40 AM","7/13/2017 10:05:43 AM","0:13:03"
"Active","7/13/2017 10:05:43 AM","7/13/2017 12:54:31 PM","2:48:48"
"Session lock","7/13/2017 12:54:31 PM","7/13/2017 1:24:46 PM","0:30:15"
"Power off","7/13/2017 1:24:46 PM","7/13/2017 2:23:07 PM","0:58:21"
"Active","7/13/2017 2:23:07 PM","7/13/2017 3:04:27 PM","0:41:20"
"Session lock","7/13/2017 3:04:27 PM","7/13/2017 3:13:06 PM","0:08:39"
"Active","7/13/2017 3:13:06 PM","7/13/2017 4:15:57 PM","1:02:51"
"Away","7/13/2017 4:15:57 PM","7/13/2017 4:18:23 PM","0:02:26"
"Session lock","7/13/2017 4:18:23 PM","7/13/2017 4:18:31 PM","0:00:08"
"Power off","7/13/2017 4:18:31 PM","7/13/2017 4:19:38 PM","0:01:07"
"Active","7/13/2017 4:19:38 PM","7/13/2017 4:23:31 PM","0:03:53"
"Session lock","7/13/2017 4:23:31 PM","7/13/2017 4:30:07 PM","0:06:36"
"Power off","7/13/2017 4:30:07 PM","7/13/2017 4:30:37 PM","0:00:30"
"Active","7/13/2017 4:30:37 PM","7/13/2017 5:09:51 PM","0:39:14"
"Session lock","7/13/2017 5:09:51 PM","7/13/2017 5:12:19 PM","0:02:28"
"Power off","7/13/2017 5:12:19 PM","7/13/2017 5:18:10 PM","0:05:51"
"Active","7/13/2017 5:18:10 PM","7/13/2017 5:56:49 PM","0:38:39"
"Session lock","7/13/2017 5:56:49 PM","7/13/2017 5:58:55 PM","0:02:06"
"Power off","7/13/2017 5:58:55 PM","7/13/2017 6:00:17 PM","0:01:22"
"Active","7/13/2017 6:00:17 PM","7/13/2017 6:09:39 PM","0:09:22"
"Away","7/13/2017 6:09:39 PM","7/13/2017 6:12:08 PM","0:02:29"
"Power off","7/13/2017 6:12:08 PM","7/13/2017 6:14:33 PM","0:02:25"
"Session lock","7/13/2017 6:14:33 PM","7/13/2017 6:14:38 PM","0:00:05"
"Active","7/13/2017 6:14:38 PM","7/13/2017 6:34:08 PM","0:19:30"
"Active","7/14/2017 9:33:48 AM","7/14/2017 10:32:56 AM","0:59:08"
"Session lock","7/14/2017 10:32:56 AM","7/14/2017 10:43:47 AM","0:10:51"
"Active","7/14/2017 10:43:47 AM","7/14/2017 11:57:50 AM","1:14:03"
"Away","7/14/2017 11:57:50 AM","7/14/2017 12:27:56 PM","0:30:06"
"Power off","7/14/2017 12:27:56 PM","7/14/2017 1:59:12 PM","1:31:16"
"Active","7/14/2017 1:59:12 PM","7/14/2017 1:59:54 PM","0:00:42"
"Away","7/14/2017 1:59:54 PM","7/14/2017 2:02:19 PM","0:02:25"
"Power off","7/14/2017 2:02:19 PM","7/14/2017 2:02:52 PM","0:00:33"
"Active","7/14/2017 2:02:52 PM","7/14/2017 2:27:25 PM","0:24:33"
"Away","7/14/2017 2:27:25 PM","7/14/2017 2:29:53 PM","0:02:28"
"Power off","7/14/2017 2:29:53 PM","7/14/2017 2:35:00 PM","0:05:07"
"Active","7/14/2017 2:35:00 PM","7/14/2017 3:02:28 PM","0:27:28"
"Session lock","7/14/2017 3:02:28 PM","7/14/2017 3:04:37 PM","0:02:09"
"Power off","7/14/2017 3:04:37 PM","7/14/2017 4:11:08 PM","1:06:31"
"Active","7/14/2017 4:11:08 PM","7/14/2017 6:03:40 PM","1:52:32"
"Active","7/17/2017 1:13:54 PM","7/17/2017 4:39:39 PM","3:25:45"
"Session lock","7/17/2017 4:39:39 PM","7/17/2017 4:51:00 PM","0:11:21"
"Active","7/17/2017 4:51:00 PM","7/17/2017 6:35:08 PM","1:44:08"
"Active","7/18/2017 9:46:26 AM","7/18/2017 12:11:05 PM","2:24:39"
"Session lock","7/18/2017 12:11:05 PM","7/18/2017 12:14:46 PM","0:03:41"
"Active","7/18/2017 12:14:46 PM","7/18/2017 12:50:15 PM","0:35:29"
"Session lock","7/18/2017 12:50:15 PM","7/18/2017 1:19:36 PM","0:29:21"
"Active","7/18/2017 1:19:36 PM","7/18/2017 4:30:59 PM","3:11:23"
"Session lock","7/18/2017 4:30:59 PM","7/18/2017 4:41:30 PM","0:10:31"
"Session lock","7/18/2017 4:41:31 PM","7/18/2017 4:48:47 PM","0:07:16"
"Active","7/18/2017 4:48:47 PM","7/18/2017 5:59:19 PM","1:10:32"
"Active","7/19/2017 9:36:16 AM","7/19/2017 9:45:21 AM","0:09:05"
"Session lock","7/19/2017 9:45:21 AM","7/19/2017 10:04:15 AM","0:18:54"
"Active","7/19/2017 10:04:15 AM","7/19/2017 12:42:04 PM","2:37:49"
"Session lock","7/19/2017 12:42:04 PM","7/19/2017 12:42:16 PM","0:00:12"
"Active","7/19/2017 12:42:16 PM","7/19/2017 12:42:24 PM","0:00:08"
"Session lock","7/19/2017 12:42:24 PM","7/19/2017 1:22:07 PM","0:39:43"
"Power off","7/19/2017 1:22:07 PM","7/19/2017 1:31:30 PM","0:09:23"
"Active","7/19/2017 1:31:30 PM","7/19/2017 2:38:59 PM","1:07:29"
"Away","7/19/2017 2:38:59 PM","7/19/2017 2:41:05 PM","0:02:06"
"Power off","7/19/2017 2:41:05 PM","7/19/2017 2:44:23 PM","0:03:18"
"Active","7/19/2017 2:44:23 PM","7/19/2017 2:50:07 PM","0:05:44"
"Away","7/19/2017 2:50:07 PM","7/19/2017 2:52:09 PM","0:02:02"
"Power off","7/19/2017 2:52:09 PM","7/19/2017 2:59:35 PM","0:07:26"
"Active","7/19/2017 2:59:35 PM","7/19/2017 3:04:11 PM","0:04:36"
"Session lock","7/19/2017 3:04:11 PM","7/19/2017 3:04:21 PM","0:00:10"
"Active","7/19/2017 3:04:21 PM","7/19/2017 3:04:28 PM","0:00:07"
"Session lock","7/19/2017 3:04:28 PM","7/19/2017 3:06:45 PM","0:02:17"
"Power off","7/19/2017 3:06:45 PM","7/19/2017 3:15:46 PM","0:09:01"
"Active","7/19/2017 3:15:46 PM","7/19/2017 4:24:29 PM","1:08:43"
"Session lock","7/19/2017 4:24:29 PM","7/19/2017 4:26:37 PM","0:02:08"
"Power off","7/19/2017 4:26:37 PM","7/19/2017 4:29:10 PM","0:02:33"
"Active","7/19/2017 4:29:10 PM","7/19/2017 5:04:04 PM","0:34:54"
"Active","7/20/2017 9:19:04 AM","7/20/2017 9:46:26 AM","0:27:22"
"Active","7/20/2017 9:46:26 AM","7/20/2017 9:46:27 AM","0:00:01"
"Active","7/20/2017 9:46:28 AM","7/20/2017 9:46:38 AM","0:00:10"
"Session lock","7/20/2017 9:46:38 AM","7/20/2017 9:58:37 AM","0:11:59"
"Active","7/20/2017 9:58:37 AM","7/20/2017 10:14:21 AM","0:15:44"
"Session lock","7/20/2017 10:14:21 AM","7/20/2017 10:23:12 AM","0:08:51"
"Active","7/20/2017 10:23:12 AM","7/20/2017 12:08:53 PM","1:45:41"
"Session lock","7/20/2017 12:08:53 PM","7/20/2017 12:19:50 PM","0:10:57"
"Active","7/20/2017 12:19:50 PM","7/20/2017 12:32:37 PM","0:12:47"
"Session lock","7/20/2017 12:32:37 PM","7/20/2017 12:52:27 PM","0:19:50"
"Active","7/20/2017 12:52:27 PM","7/20/2017 1:03:52 PM","0:11:25"
"Session lock","7/20/2017 1:03:52 PM","7/20/2017 1:03:59 PM","0:00:07"
"Power off","7/20/2017 1:03:59 PM","7/20/2017 1:31:17 PM","0:27:18"
"Session lock","7/20/2017 1:31:17 PM","7/20/2017 1:31:29 PM","0:00:12"
"Active","7/20/2017 1:31:29 PM","7/20/2017 1:32:04 PM","0:00:35"
"Away","7/20/2017 1:32:04 PM","7/20/2017 1:32:26 PM","0:00:22"
"Power off","7/20/2017 1:32:26 PM","7/20/2017 1:56:12 PM","0:23:46"
"Active","7/20/2017 1:56:12 PM","7/20/2017 2:09:04 PM","0:12:52"
"Session lock","7/20/2017 2:09:04 PM","7/20/2017 2:11:53 PM","0:02:49"
"Active","7/20/2017 2:11:53 PM","7/20/2017 2:21:30 PM","0:09:37"
"Session lock","7/20/2017 2:21:30 PM","7/20/2017 2:30:13 PM","0:08:43"
"Active","7/20/2017 2:30:13 PM","7/20/2017 4:18:23 PM","1:48:10"
"Session lock","7/20/2017 4:18:23 PM","7/20/2017 4:23:22 PM","0:04:59"
"Active","7/20/2017 4:23:22 PM","7/20/2017 4:24:06 PM","0:00:44"
"Session lock","7/20/2017 4:24:06 PM","7/20/2017 4:40:46 PM","0:16:40"
"Active","7/20/2017 4:40:46 PM","7/20/2017 4:43:02 PM","0:02:16"
"Session lock","7/20/2017 4:43:02 PM","7/20/2017 4:50:04 PM","0:07:02"
"Active","7/20/2017 4:50:04 PM","7/20/2017 5:03:20 PM","0:13:16"
"Active","7/21/2017 9:46:50 AM","7/21/2017 10:27:08 AM","0:40:18"
"Session lock","7/21/2017 10:27:08 AM","7/21/2017 10:40:13 AM","0:13:05"
"Active","7/21/2017 10:40:13 AM","7/21/2017 11:38:17 AM","0:58:04"
"Session lock","7/21/2017 11:38:17 AM","7/21/2017 11:48:08 AM","0:09:51"
"Active","7/21/2017 11:48:08 AM","7/21/2017 12:51:12 PM","1:03:04"
"Session lock","7/21/2017 12:51:12 PM","7/21/2017 12:51:32 PM","0:00:20"
"Active","7/21/2017 12:51:32 PM","7/21/2017 12:51:40 PM","0:00:08"
"Session lock","7/21/2017 12:51:40 PM","7/21/2017 1:21:49 PM","0:30:09"
"Power off","7/21/2017 1:21:49 PM","7/21/2017 1:27:11 PM","0:05:22"
"Active","7/21/2017 1:27:11 PM","7/21/2017 1:29:09 PM","0:01:58"
"Away","7/21/2017 1:29:09 PM","7/21/2017 1:31:19 PM","0:02:10"
"Power off","7/21/2017 1:31:19 PM","7/21/2017 1:32:03 PM","0:00:44"
"Active","7/21/2017 1:32:03 PM","7/21/2017 1:52:23 PM","0:20:20"
"Away","7/21/2017 1:52:23 PM","7/21/2017 1:54:41 PM","0:02:18"
"Power off","7/21/2017 1:54:41 PM","7/21/2017 1:55:07 PM","0:00:26"
"Active","7/21/2017 1:55:07 PM","7/21/2017 2:50:58 PM","0:55:51"
"Session lock","7/21/2017 2:50:58 PM","7/21/2017 2:53:15 PM","0:02:17"
"Power off","7/21/2017 2:53:15 PM","7/21/2017 2:57:53 PM","0:04:38"
"Active","7/21/2017 2:57:53 PM","7/21/2017 3:05:27 PM","0:07:34"
"Away","7/21/2017 3:05:27 PM","7/21/2017 3:05:37 PM","0:00:10"
"Power off","7/21/2017 3:05:37 PM","7/21/2017 3:24:26 PM","0:18:49"
"Session lock","7/21/2017 3:24:26 PM","7/21/2017 3:29:16 PM","0:04:50"
"Power off","7/21/2017 3:29:16 PM","7/21/2017 4:18:18 PM","0:49:02"
"Active","7/21/2017 4:18:18 PM","7/21/2017 4:18:35 PM","0:00:17"
"Away","7/21/2017 4:18:35 PM","7/21/2017 4:19:14 PM","0:00:39"
"Power off","7/21/2017 4:19:14 PM","7/21/2017 4:21:22 PM","0:02:08"
"Session lock","7/21/2017 4:21:22 PM","7/21/2017 4:21:30 PM","0:00:08"
"Active","7/21/2017 4:21:30 PM","7/21/2017 4:36:35 PM","0:15:05"
"Session lock","7/21/2017 4:36:35 PM","7/21/2017 4:41:59 PM","0:05:24"
"Active","7/21/2017 4:41:59 PM","7/21/2017 5:26:16 PM","0:44:17"
"Session lock","7/21/2017 5:26:16 PM","7/21/2017 5:27:57 PM","0:01:41"
"Active","7/21/2017 5:27:57 PM","7/21/2017 6:06:23 PM","0:38:26"
"Active","7/24/2017 9:29:41 AM","7/24/2017 10:03:31 AM","0:33:50"
"Active","7/24/2017 11:15:24 AM","7/24/2017 1:04:15 PM","1:48:51"
"Session lock","7/24/2017 1:04:15 PM","7/24/2017 1:52:03 PM","0:47:48"
"Active","7/24/2017 1:52:03 PM","7/24/2017 4:37:18 PM","2:45:15"
"Session lock","7/24/2017 4:37:18 PM","7/24/2017 4:46:59 PM","0:09:41"
"Active","7/24/2017 4:46:59 PM","7/24/2017 4:59:56 PM","0:12:57"
"Active","7/25/2017 9:28:40 AM","7/25/2017 9:46:43 AM","0:18:03"
"Session lock","7/25/2017 9:46:43 AM","7/25/2017 9:52:20 AM","0:05:37"
"Session lock","7/25/2017 9:52:22 AM","7/25/2017 9:53:16 AM","0:00:54"
"Active","7/25/2017 9:53:16 AM","7/25/2017 10:25:16 AM","0:32:00"
"Session lock","7/25/2017 10:25:16 AM","7/25/2017 10:58:45 AM","0:33:29"
"Active","7/25/2017 10:58:45 AM","7/25/2017 12:47:53 PM","1:49:08"
"Session lock","7/25/2017 12:47:53 PM","7/25/2017 12:48:04 PM","0:00:11"
"Power off","7/25/2017 12:48:04 PM","7/25/2017 1:35:04 PM","0:47:00"
"Session lock","7/25/2017 1:35:04 PM","7/25/2017 1:35:24 PM","0:00:20"
"Active","7/25/2017 1:35:24 PM","7/25/2017 4:08:41 PM","2:33:17"
"Session lock","7/25/2017 4:08:41 PM","7/25/2017 4:20:03 PM","0:11:22"
"Active","7/25/2017 4:20:03 PM","7/25/2017 4:47:31 PM","0:27:28"
"Session lock","7/25/2017 4:47:31 PM","7/25/2017 4:57:13 PM","0:09:42"
"Active","7/25/2017 4:57:13 PM","7/25/2017 5:21:07 PM","0:23:54"
"Active","7/26/2017 10:26:59 AM","7/26/2017 12:56:31 PM","2:29:32"
"Session lock","7/26/2017 12:56:31 PM","7/26/2017 1:44:28 PM","0:47:57"
"Active","7/26/2017 1:44:28 PM","7/26/2017 3:06:13 PM","1:21:45"
"Session lock","7/26/2017 3:06:13 PM","7/26/2017 3:07:17 PM","0:01:04"
"Active","7/26/2017 3:07:17 PM","7/26/2017 3:44:33 PM","0:37:16"
"Session lock","7/26/2017 3:44:33 PM","7/26/2017 3:54:16 PM","0:09:43"
"Power off","7/26/2017 3:54:16 PM","7/26/2017 3:59:47 PM","0:05:31"
"Active","7/26/2017 3:59:47 PM","7/26/2017 4:30:26 PM","0:30:39"
"Away","7/26/2017 4:30:26 PM","7/26/2017 4:32:07 PM","0:01:41"
"Power off","7/26/2017 4:32:07 PM","7/26/2017 4:36:27 PM","0:04:20"
"Session lock","7/26/2017 4:36:27 PM","7/26/2017 4:36:36 PM","0:00:09"
"Active","7/26/2017 4:36:36 PM","7/26/2017 5:18:48 PM","0:42:12"
"Power off","7/26/2017 5:18:48 PM","7/26/2017 5:22:32 PM","0:03:44"
"Session lock","7/26/2017 5:22:32 PM","7/26/2017 5:22:51 PM","0:00:19"
"Active","7/26/2017 5:22:51 PM","7/26/2017 6:14:35 PM","0:51:44"
"Active","7/27/2017 9:24:23 AM","7/27/2017 9:35:37 AM","0:11:14"
"Session lock","7/27/2017 9:35:37 AM","7/27/2017 9:40:40 AM","0:05:03"
"Active","7/27/2017 9:40:40 AM","7/27/2017 9:46:31 AM","0:05:51"
"Session lock","7/27/2017 9:46:31 AM","7/27/2017 10:15:25 AM","0:28:54"
"Active","7/27/2017 10:15:25 AM","7/27/2017 12:33:43 PM","2:18:18"
"Active","7/27/2017 12:36:35 PM","7/27/2017 12:37:03 PM","0:00:28"
"Active","7/27/2017 12:37:19 PM","7/27/2017 12:39:30 PM","0:02:11"
"Session lock","7/27/2017 12:39:30 PM","7/27/2017 12:48:13 PM","0:08:43"
"Active","7/27/2017 12:48:13 PM","7/27/2017 1:00:04 PM","0:11:51"
"Session lock","7/27/2017 1:00:04 PM","7/27/2017 1:00:10 PM","0:00:06"
"Active","7/27/2017 1:00:10 PM","7/27/2017 1:00:24 PM","0:00:14"
"Session lock","7/27/2017 1:00:24 PM","7/27/2017 1:43:21 PM","0:42:57"
"Active","7/27/2017 1:43:21 PM","7/27/2017 4:03:35 PM","2:20:14"
"Session lock","7/27/2017 4:03:35 PM","7/27/2017 4:18:17 PM","0:14:42"
"Active","7/27/2017 4:18:17 PM","7/27/2017 5:42:30 PM","1:24:13"
"Active","7/28/2017 9:40:57 AM","7/28/2017 11:58:20 AM","2:17:23"
"Session lock","7/28/2017 11:58:20 AM","7/28/2017 11:59:31 AM","0:01:11"
"Session lock","7/28/2017 11:59:32 AM","7/28/2017 12:06:35 PM","0:07:03"
"Active","7/28/2017 12:06:35 PM","7/28/2017 12:29:49 PM","0:23:14"
"Session lock","7/28/2017 12:29:49 PM","7/28/2017 1:08:35 PM","0:38:46"
"Active","7/28/2017 1:08:35 PM","7/28/2017 2:41:50 PM","1:33:15"
"Session lock","7/28/2017 2:41:50 PM","7/28/2017 2:44:14 PM","0:02:24"
"Active","7/28/2017 2:44:14 PM","7/28/2017 2:49:01 PM","0:04:47"
"Session lock","7/28/2017 2:49:01 PM","7/28/2017 2:49:56 PM","0:00:55"
"Active","7/28/2017 2:49:56 PM","7/28/2017 4:20:11 PM","1:30:15"
"Session lock","7/28/2017 4:20:11 PM","7/28/2017 4:34:24 PM","0:14:13"
"Active","7/28/2017 4:34:24 PM","7/28/2017 5:35:13 PM","1:00:49"
"Active","7/31/2017 9:34:49 AM","7/31/2017 9:55:55 AM","0:21:06"
"Session lock","7/31/2017 9:55:55 AM","7/31/2017 9:57:12 AM","0:01:17"
"Session lock","7/31/2017 9:57:12 AM","7/31/2017 9:57:17 AM","0:00:05"
"Session lock","7/31/2017 9:57:19 AM","7/31/2017 10:01:43 AM","0:04:24"
"Active","7/31/2017 10:01:43 AM","7/31/2017 10:02:28 AM","0:00:45"
"Session lock","7/31/2017 10:02:28 AM","7/31/2017 10:50:35 AM","0:48:07"
"Active","7/31/2017 10:50:35 AM","7/31/2017 11:07:04 AM","0:16:29"
"Away","7/31/2017 11:07:04 AM","7/31/2017 11:20:27 AM","0:13:23"
"Active","7/31/2017 11:20:27 AM","7/31/2017 1:15:57 PM","1:55:30"
"Session lock","7/31/2017 1:15:57 PM","7/31/2017 1:55:19 PM","0:39:22"
"Active","7/31/2017 1:55:19 PM","7/31/2017 4:05:31 PM","2:10:12"
"Session lock","7/31/2017 4:05:31 PM","7/31/2017 4:18:48 PM","0:13:17"
"Active","7/31/2017 4:18:48 PM","7/31/2017 4:38:31 PM","0:19:43"
"Session lock","7/31/2017 4:38:31 PM","7/31/2017 4:38:37 PM","0:00:06"
"Power off","7/31/2017 4:38:37 PM","7/31/2017 4:39:01 PM","0:00:24"
"Session lock","7/31/2017 4:39:01 PM","7/31/2017 4:39:23 PM","0:00:22"
"Active","7/31/2017 4:39:23 PM","7/31/2017 4:42:44 PM","0:03:21"
"Power off","7/31/2017 4:42:44 PM","7/31/2017 4:45:10 PM","0:02:26"
"Session lock","7/31/2017 4:45:10 PM","7/31/2017 4:45:28 PM","0:00:18"
"Active","7/31/2017 4:45:28 PM","7/31/2017 5:26:21 PM","0:40:53"
"Active","8/1/2017 9:45:05 AM","8/1/2017 9:46:53 AM","0:01:48"
"Session lock","8/1/2017 9:46:53 AM","8/1/2017 9:56:30 AM","0:09:37"
"Active","8/1/2017 9:56:30 AM","8/1/2017 10:43:16 AM","0:46:46"
"Active","8/1/2017 10:48:40 AM","8/1/2017 11:47:32 AM","0:58:52"
"Session lock","8/1/2017 11:47:32 AM","8/1/2017 11:53:58 AM","0:06:26"
"Active","8/1/2017 11:53:58 AM","8/1/2017 1:02:23 PM","1:08:25"
"Session lock","8/1/2017 1:02:23 PM","8/1/2017 1:32:18 PM","0:29:55"
"Active","8/1/2017 1:32:18 PM","8/1/2017 4:00:33 PM","2:28:15"
"Session lock","8/1/2017 4:00:33 PM","8/1/2017 4:10:57 PM","0:10:24"
"Active","8/1/2017 4:10:57 PM","8/1/2017 4:56:46 PM","0:45:49"
"Active","8/2/2017 9:28:37 AM","8/2/2017 9:32:25 AM","0:03:48"
"Session lock","8/2/2017 9:32:25 AM","8/2/2017 9:33:54 AM","0:01:29"
"Active","8/2/2017 9:33:54 AM","8/2/2017 9:47:12 AM","0:13:18"
"Session lock","8/2/2017 9:47:12 AM","8/2/2017 9:58:22 AM","0:11:10"
"Active","8/2/2017 9:58:22 AM","8/2/2017 10:25:47 AM","0:27:25"
"Session lock","8/2/2017 10:25:47 AM","8/2/2017 10:30:56 AM","0:05:09"
"Active","8/2/2017 10:30:56 AM","8/2/2017 11:15:33 AM","0:44:37"
"Away","8/2/2017 11:15:33 AM","8/2/2017 11:26:14 AM","0:10:41"
"Active","8/2/2017 11:26:14 AM","8/2/2017 12:56:04 PM","1:29:50"
"Session lock","8/2/2017 12:56:04 PM","8/2/2017 12:57:38 PM","0:01:34"
"Session lock","8/2/2017 12:57:40 PM","8/2/2017 2:13:20 PM","1:15:40"
"Active","8/2/2017 2:13:20 PM","8/2/2017 3:27:52 PM","1:14:32"
"Session lock","8/2/2017 3:27:52 PM","8/2/2017 3:28:49 PM","0:00:57"
"Active","8/2/2017 3:28:49 PM","8/2/2017 3:36:55 PM","0:08:06"
"Active","8/2/2017 3:41:50 PM","8/2/2017 5:25:09 PM","1:43:19"
"Session lock","8/2/2017 5:25:09 PM","8/2/2017 5:38:52 PM","0:13:43"
"Active","8/2/2017 5:38:52 PM","8/2/2017 6:30:16 PM","0:51:24"
"Session lock","8/2/2017 6:30:16 PM","8/2/2017 6:33:20 PM","0:03:04"
"Active","8/2/2017 6:33:20 PM","8/2/2017 6:35:07 PM","0:01:47"
"Active","8/4/2017 9:18:12 AM","8/4/2017 10:55:31 AM","1:37:19"
"Session lock","8/4/2017 10:55:31 AM","8/4/2017 10:55:48 AM","0:00:17"
"Active","8/4/2017 10:55:48 AM","8/4/2017 10:56:13 AM","0:00:25"
"Session lock","8/4/2017 10:56:13 AM","8/4/2017 10:57:41 AM","0:01:28"
"Session lock","8/4/2017 10:57:42 AM","8/4/2017 11:03:22 AM","0:05:40"
"Active","8/4/2017 11:03:22 AM","8/4/2017 11:06:14 AM","0:02:52"
"Session lock","8/4/2017 11:06:14 AM","8/4/2017 11:12:33 AM","0:06:19"
"Active","8/4/2017 11:12:33 AM","8/4/2017 12:53:42 PM","1:41:09"
"Session lock","8/4/2017 12:53:42 PM","8/4/2017 1:29:40 PM","0:35:58"
"Active","8/4/2017 1:29:40 PM","8/4/2017 2:37:45 PM","1:08:05"
"Session lock","8/4/2017 2:37:45 PM","8/4/2017 2:46:09 PM","0:08:24"
"Active","8/4/2017 2:46:09 PM","8/4/2017 3:03:14 PM","0:17:05"
"Session lock","8/4/2017 3:03:14 PM","8/4/2017 4:06:17 PM","1:03:03"
"Active","8/4/2017 4:06:17 PM","8/4/2017 4:07:20 PM","0:01:03"
"Session lock","8/4/2017 4:07:20 PM","8/4/2017 4:33:33 PM","0:26:13"
"Active","8/4/2017 4:33:33 PM","8/4/2017 4:34:02 PM","0:00:29"
"Session lock","8/4/2017 4:34:02 PM","8/4/2017 4:37:17 PM","0:03:15"
"Active","8/4/2017 4:37:17 PM","8/4/2017 4:42:58 PM","0:05:41"
"Session lock","8/4/2017 4:42:58 PM","8/4/2017 5:13:27 PM","0:30:29"
"Active","8/4/2017 5:13:27 PM","8/4/2017 5:27:25 PM","0:13:58"
"Active","8/7/2017 9:32:43 AM","8/7/2017 10:01:57 AM","0:29:14"
"Session lock","8/7/2017 10:01:57 AM","8/7/2017 10:03:13 AM","0:01:16"
"Session lock","8/7/2017 10:03:15 AM","8/7/2017 10:17:17 AM","0:14:02"
"Active","8/7/2017 10:17:17 AM","8/7/2017 10:25:06 AM","0:07:49"
"Away","8/7/2017 10:25:06 AM","8/7/2017 10:54:17 AM","0:29:11"
"Active","8/7/2017 10:54:17 AM","8/7/2017 12:00:52 PM","1:06:35"
"Active","8/7/2017 12:04:25 PM","8/7/2017 1:04:01 PM","0:59:36"
"Session lock","8/7/2017 1:04:01 PM","8/7/2017 1:09:25 PM","0:05:24"
"Active","8/7/2017 1:09:25 PM","8/7/2017 1:20:45 PM","0:11:20"
"Session lock","8/7/2017 1:20:45 PM","8/7/2017 1:49:06 PM","0:28:21"
"Active","8/7/2017 1:49:06 PM","8/7/2017 1:52:44 PM","0:03:38"
"Session lock","8/7/2017 1:52:44 PM","8/7/2017 1:57:56 PM","0:05:12"
"Active","8/7/2017 1:57:56 PM","8/7/2017 2:04:53 PM","0:06:57"
"Away","8/7/2017 2:04:53 PM","8/7/2017 2:18:16 PM","0:13:23"
"Active","8/7/2017 2:18:16 PM","8/7/2017 6:04:05 PM","3:45:49"
"Active","8/8/2017 9:15:00 AM","8/8/2017 9:50:41 AM","0:35:41"
"Away","8/8/2017 9:50:41 AM","8/8/2017 10:18:27 AM","0:27:46"
"Active","8/8/2017 10:18:27 AM","8/8/2017 12:03:14 PM","1:44:47"
"Session lock","8/8/2017 12:03:14 PM","8/8/2017 12:03:23 PM","0:00:09"
"Active","8/8/2017 12:03:23 PM","8/8/2017 12:03:36 PM","0:00:13"
"Session lock","8/8/2017 12:03:36 PM","8/8/2017 12:17:05 PM","0:13:29"
"Active","8/8/2017 12:17:05 PM","8/8/2017 1:03:31 PM","0:46:26"
"Session lock","8/8/2017 1:03:31 PM","8/8/2017 1:47:43 PM","0:44:12"
"Active","8/8/2017 1:47:43 PM","8/8/2017 3:25:24 PM","1:37:41"
"Session lock","8/8/2017 3:25:24 PM","8/8/2017 3:33:14 PM","0:07:50"
"Active","8/8/2017 3:33:14 PM","8/8/2017 3:34:28 PM","0:01:14"
"Session lock","8/8/2017 3:34:28 PM","8/8/2017 3:38:32 PM","0:04:04"
"Active","8/8/2017 3:38:32 PM","8/8/2017 4:04:47 PM","0:26:15"
"Session lock","8/8/2017 4:04:47 PM","8/8/2017 4:14:40 PM","0:09:53"
"Active","8/8/2017 4:14:40 PM","8/8/2017 5:12:03 PM","0:57:23"
"Active","8/9/2017 9:23:14 AM","8/9/2017 9:45:08 AM","0:21:54"
"Session lock","8/9/2017 9:45:08 AM","8/9/2017 9:59:37 AM","0:14:29"
"Active","8/9/2017 9:59:37 AM","8/9/2017 10:43:50 AM","0:44:13"
"Session lock","8/9/2017 10:43:50 AM","8/9/2017 10:44:22 AM","0:00:32"
"Active","8/9/2017 10:44:22 AM","8/9/2017 10:53:59 AM","0:09:37"
"Session lock","8/9/2017 10:53:59 AM","8/9/2017 11:03:28 AM","0:09:29"
"Active","8/9/2017 11:03:28 AM","8/9/2017 12:56:13 PM","1:52:45"
"Session lock","8/9/2017 12:56:13 PM","8/9/2017 2:12:18 PM","1:16:05"
"Active","8/9/2017 2:12:18 PM","8/9/2017 4:08:39 PM","1:56:21"
"Session lock","8/9/2017 4:08:39 PM","8/9/2017 4:17:59 PM","0:09:20"
"Active","8/9/2017 4:17:59 PM","8/9/2017 5:16:53 PM","0:58:54"
"Active","8/10/2017 9:43:09 AM","8/10/2017 9:46:12 AM","0:03:03"
"Session lock","8/10/2017 9:46:12 AM","8/10/2017 10:00:18 AM","0:14:06"
"Active","8/10/2017 10:00:18 AM","8/10/2017 11:31:14 AM","1:30:56"
"Session lock","8/10/2017 11:31:14 AM","8/10/2017 11:32:26 AM","0:01:12"
"Session lock","8/10/2017 11:32:26 AM","8/10/2017 11:32:27 AM","0:00:01"
"Session lock","8/10/2017 11:32:30 AM","8/10/2017 11:47:47 AM","0:15:17"
"Active","8/10/2017 11:47:47 AM","8/10/2017 12:58:29 PM","1:10:42"
"Session lock","8/10/2017 12:58:29 PM","8/10/2017 1:10:39 PM","0:12:10"
"Active","8/10/2017 1:10:39 PM","8/10/2017 1:15:19 PM","0:04:40"
"Session lock","8/10/2017 1:15:19 PM","8/10/2017 1:33:22 PM","0:18:03"
"Active","8/10/2017 1:33:22 PM","8/10/2017 3:54:27 PM","2:21:05"
"Session lock","8/10/2017 3:54:27 PM","8/10/2017 4:06:00 PM","0:11:33"
"Active","8/10/2017 4:06:00 PM","8/10/2017 4:48:24 PM","0:42:24"
"Session lock","8/10/2017 4:48:24 PM","8/10/2017 4:56:05 PM","0:07:41"
"Active","8/10/2017 4:56:05 PM","8/10/2017 4:56:15 PM","0:00:10"
"Active","8/11/2017 9:50:12 AM","8/11/2017 11:40:21 AM","1:50:09"
"Session lock","8/11/2017 11:40:21 AM","8/11/2017 11:46:57 AM","0:06:36"
"Active","8/11/2017 11:46:57 AM","8/11/2017 12:46:40 PM","0:59:43"
"Session lock","8/11/2017 12:46:40 PM","8/11/2017 12:46:45 PM","0:00:05"
"Active","8/11/2017 12:46:45 PM","8/11/2017 12:46:58 PM","0:00:13"
"Session lock","8/11/2017 12:46:58 PM","8/11/2017 1:25:58 PM","0:39:00"
"Active","8/11/2017 1:25:58 PM","8/11/2017 3:04:33 PM","1:38:35"
"Session lock","8/11/2017 3:04:33 PM","8/11/2017 4:38:17 PM","1:33:44"
"Active","8/11/2017 4:38:17 PM","8/11/2017 4:52:23 PM","0:14:06"
"Active","8/14/2017 9:18:46 AM","8/14/2017 10:00:49 AM","0:42:03"
"Session lock","8/14/2017 10:00:49 AM","8/14/2017 10:02:08 AM","0:01:19"
"Session lock","8/14/2017 10:02:04 AM","8/14/2017 10:23:47 AM","0:21:43"
"Active","8/14/2017 10:23:47 AM","8/14/2017 10:29:51 AM","0:06:04"
"Session lock","8/14/2017 10:29:51 AM","8/14/2017 11:49:22 AM","1:19:31"
"Active","8/14/2017 11:49:22 AM","8/14/2017 1:14:07 PM","1:24:45"
"Session lock","8/14/2017 1:14:07 PM","8/14/2017 1:52:01 PM","0:37:54"
"Active","8/14/2017 1:52:01 PM","8/14/2017 3:44:31 PM","1:52:30"
"Session lock","8/14/2017 3:44:31 PM","8/14/2017 3:53:09 PM","0:08:38"
"Active","8/14/2017 3:53:09 PM","8/14/2017 4:10:20 PM","0:17:11"
"Away","8/14/2017 4:10:20 PM","8/14/2017 4:25:45 PM","0:15:25"
"Power off","8/14/2017 4:25:45 PM","8/14/2017 5:16:54 PM","0:51:09"
"Session lock","8/14/2017 5:16:54 PM","8/14/2017 5:17:56 PM","0:01:02"
"Active","8/14/2017 5:17:56 PM","8/14/2017 5:20:54 PM","0:02:58"
"Session lock","8/14/2017 5:20:54 PM","8/14/2017 5:23:56 PM","0:03:02"
"Active","8/14/2017 5:23:56 PM","8/14/2017 5:33:45 PM","0:09:49"
"Active","8/15/2017 9:26:36 AM","8/15/2017 9:46:22 AM","0:19:46"
"Session lock","8/15/2017 9:46:22 AM","8/15/2017 10:01:40 AM","0:15:18"
"Active","8/15/2017 10:01:40 AM","8/15/2017 11:20:01 AM","1:18:21"
"Session lock","8/15/2017 11:20:01 AM","8/15/2017 11:23:25 AM","0:03:24"
"Active","8/15/2017 11:23:25 AM","8/15/2017 12:22:57 PM","0:59:32"
"Away","8/15/2017 12:22:57 PM","8/15/2017 12:36:15 PM","0:13:18"
"Active","8/15/2017 12:36:15 PM","8/15/2017 12:36:41 PM","0:00:26"
"Power off","8/15/2017 12:36:41 PM","8/15/2017 12:42:55 PM","0:06:14"
"Session lock","8/15/2017 12:42:55 PM","8/15/2017 12:43:22 PM","0:00:27"
"Active","8/15/2017 12:43:22 PM","8/15/2017 12:55:52 PM","0:12:30"
"Session lock","8/15/2017 12:55:52 PM","8/15/2017 1:37:50 PM","0:41:58"
"Active","8/15/2017 1:37:50 PM","8/15/2017 2:42:27 PM","1:04:37"
"Session lock","8/15/2017 2:42:27 PM","8/15/2017 2:49:24 PM","0:06:57"
"Active","8/15/2017 2:49:24 PM","8/15/2017 4:33:47 PM","1:44:23"
"Session lock","8/15/2017 4:33:47 PM","8/15/2017 4:53:43 PM","0:19:56"
"Active","8/15/2017 4:53:43 PM","8/15/2017 5:07:33 PM","0:13:50"
"Active","8/16/2017 9:35:13 AM","8/16/2017 9:46:58 AM","0:11:45"
"Session lock","8/16/2017 9:46:58 AM","8/16/2017 9:59:10 AM","0:12:12"
"Active","8/16/2017 9:59:10 AM","8/16/2017 11:45:49 AM","1:46:39"
"Session lock","8/16/2017 11:45:49 AM","8/16/2017 11:46:25 AM","0:00:36"
"Active","8/16/2017 11:46:25 AM","8/16/2017 11:46:31 AM","0:00:06"
"Session lock","8/16/2017 11:46:31 AM","8/16/2017 11:54:27 AM","0:07:56"
"Active","8/16/2017 11:54:27 AM","8/16/2017 1:06:08 PM","1:11:41"
"Session lock","8/16/2017 1:06:08 PM","8/16/2017 1:25:45 PM","0:19:37"
"Power off","8/16/2017 1:25:45 PM","8/16/2017 2:34:00 PM","1:08:15"
"Session lock","8/16/2017 2:34:00 PM","8/16/2017 2:35:21 PM","0:01:21"
"Active","8/16/2017 2:35:21 PM","8/16/2017 5:13:38 PM","2:38:17"
"Active","8/17/2017 9:40:19 AM","8/17/2017 9:46:16 AM","0:05:57"
"Session lock","8/17/2017 9:46:16 AM","8/17/2017 10:01:21 AM","0:15:05"
"Active","8/17/2017 10:01:21 AM","8/17/2017 11:03:30 AM","1:02:09"
"Session lock","8/17/2017 11:03:30 AM","8/17/2017 11:05:15 AM","0:01:45"
"Session lock","8/17/2017 11:05:17 AM","8/17/2017 11:12:20 AM","0:07:03"
"Active","8/17/2017 11:12:20 AM","8/17/2017 1:02:42 PM","1:50:22"
"Session lock","8/17/2017 1:02:42 PM","8/17/2017 1:58:50 PM","0:56:08"
"Active","8/17/2017 1:58:50 PM","8/17/2017 3:28:04 PM","1:29:14"
"Session lock","8/17/2017 3:28:04 PM","8/17/2017 3:38:40 PM","0:10:36"
"Active","8/17/2017 3:38:40 PM","8/17/2017 5:18:30 PM","1:39:50"
"Active","8/22/2017 9:32:53 AM","8/22/2017 9:46:45 AM","0:13:52"
"Session lock","8/22/2017 9:46:45 AM","8/22/2017 9:48:26 AM","0:01:41"
"Session lock","8/22/2017 9:48:27 AM","8/22/2017 10:22:00 AM","0:33:33"
"Active","8/22/2017 10:22:00 AM","8/22/2017 11:02:54 AM","0:40:54"
"Session lock","8/22/2017 11:02:54 AM","8/22/2017 11:15:41 AM","0:12:47"
"Active","8/22/2017 11:15:41 AM","8/22/2017 12:50:24 PM","1:34:43"
"Session lock","8/22/2017 12:50:24 PM","8/22/2017 1:36:42 PM","0:46:18"
"Active","8/22/2017 1:36:42 PM","8/22/2017 2:20:18 PM","0:43:36"
"Session lock","8/22/2017 2:20:18 PM","8/22/2017 2:30:20 PM","0:10:02"
"Active","8/22/2017 2:30:20 PM","8/22/2017 4:27:07 PM","1:56:47"
"Session lock","8/22/2017 4:27:07 PM","8/22/2017 4:38:44 PM","0:11:37"
"Active","8/22/2017 4:38:44 PM","8/22/2017 4:58:09 PM","0:19:25"
"Active","8/23/2017 10:00:37 AM","8/23/2017 11:22:37 AM","1:22:00"
"Session lock","8/23/2017 11:22:37 AM","8/23/2017 11:32:05 AM","0:09:28"
"Active","8/23/2017 11:32:05 AM","8/23/2017 11:55:23 AM","0:23:18"
"Session lock","8/23/2017 11:55:23 AM","8/23/2017 11:56:45 AM","0:01:22"
"Active","8/23/2017 11:56:45 AM","8/23/2017 11:58:22 AM","0:01:37"
"Session lock","8/23/2017 11:58:22 AM","8/23/2017 12:00:19 PM","0:01:57"
"Active","8/23/2017 12:00:19 PM","8/23/2017 12:16:31 PM","0:16:12"
"Session lock","8/23/2017 12:16:31 PM","8/23/2017 12:19:52 PM","0:03:21"
"Active","8/23/2017 12:19:52 PM","8/23/2017 12:30:34 PM","0:10:42"
"Session lock","8/23/2017 12:30:34 PM","8/23/2017 1:20:04 PM","0:49:30"
"Active","8/23/2017 1:20:04 PM","8/23/2017 2:35:31 PM","1:15:27"
"Session lock","8/23/2017 2:35:31 PM","8/23/2017 2:38:51 PM","0:03:20"
"Active","8/23/2017 2:38:51 PM","8/23/2017 4:46:22 PM","2:07:31"
"Active","8/24/2017 9:31:13 AM","8/24/2017 9:46:06 AM","0:14:53"
"Session lock","8/24/2017 9:46:06 AM","8/24/2017 9:59:13 AM","0:13:07"
"Active","8/24/2017 9:59:13 AM","8/24/2017 11:56:20 AM","1:57:07"
"Session lock","8/24/2017 11:56:20 AM","8/24/2017 11:57:34 AM","0:01:14"
"Session lock","8/24/2017 11:57:33 AM","8/24/2017 12:09:18 PM","0:11:45"
"Active","8/24/2017 12:09:18 PM","8/24/2017 12:29:02 PM","0:19:44"
"Session lock","8/24/2017 12:29:02 PM","8/24/2017 12:37:18 PM","0:08:16"
"Active","8/24/2017 12:37:18 PM","8/24/2017 1:12:38 PM","0:35:20"
"Session lock","8/24/2017 1:12:38 PM","8/24/2017 2:08:28 PM","0:55:50"
"Active","8/24/2017 2:08:28 PM","8/24/2017 3:24:55 PM","1:16:27"
"Session lock","8/24/2017 3:24:55 PM","8/24/2017 3:32:53 PM","0:07:58"
"Active","8/24/2017 3:32:53 PM","8/24/2017 3:44:35 PM","0:11:42"
"Session lock","8/24/2017 3:44:35 PM","8/24/2017 4:04:30 PM","0:19:55"
"Active","8/24/2017 4:04:30 PM","8/24/2017 4:39:23 PM","0:34:53"
"Session lock","8/24/2017 4:39:23 PM","8/24/2017 4:41:25 PM","0:02:02"
"Active","8/24/2017 4:41:25 PM","8/24/2017 5:09:06 PM","0:27:41"
"Session lock","8/24/2017 5:09:06 PM","8/24/2017 5:20:18 PM","0:11:12"
"Active","8/24/2017 5:20:18 PM","8/24/2017 5:29:05 PM","0:08:47"
